year,month,weather_type,value
2000,01,average_percipitation,0.1
2001,01,average_percipitation,0.1
2002,01,average_percipitation,0.06
2003,01,average_percipitation,0.07
2004,01,average_percipitation,0.07
2005,01,average_percipitation,0.15
2006,01,average_percipitation,0.16
2007,01,average_percipitation,0.12
2008,01,average_percipitation,0.09
2009,01,average_percipitation,0.1
2010,01,average_percipitation,0.07
2011,01,average_percipitation,0.16
2012,01,average_percipitation,0.1
2013,01,average_percipitation,0.09
2014,01,average_percipitation,0.09
2015,01,average_percipitation,0.17
2016,01,average_percipitation,0.14
2017,01,average_percipitation,0.16
2018,01,average_percipitation,0.07
2019,01,average_percipitation,0.12
2020,01,average_percipitation,0.06
2021,01,average_percipitation,0.07
2022,01,average_percipitation,0.14
2023,01,average_percipitation,0.14
2024,01,average_percipitation,0.17
2000,01,avg_temp,31.3
2001,01,avg_temp,33.6
2002,01,avg_temp,39.9
2003,01,avg_temp,27.5
2004,01,avg_temp,24.7
2005,01,avg_temp,31.3
2006,01,avg_temp,40.9
2007,01,avg_temp,37.5
2008,01,avg_temp,36.5
2009,01,avg_temp,27.9
2010,01,avg_temp,32.5
2011,01,avg_temp,29.7
2012,01,avg_temp,37.3
2013,01,avg_temp,35.1
2014,01,avg_temp,28.6
2015,01,avg_temp,29.9
2016,01,avg_temp,34.5
2017,01,avg_temp,38.0
2018,01,avg_temp,31.7
2019,01,avg_temp,32.5
2020,01,avg_temp,39.1
2021,01,avg_temp,34.8
2022,01,avg_temp,30.3
2023,01,avg_temp,43.5
2000,01,max_precipitation,0.84
2001,01,max_precipitation,0.83
2002,01,max_precipitation,0.62
2003,01,max_precipitation,1.52
2004,01,max_precipitation,0.56
2005,01,max_precipitation,1.03
2006,01,max_precipitation,1.17
2007,01,max_precipitation,1.52
2008,01,max_precipitation,1.29
2009,01,max_precipitation,1.19
2010,01,max_precipitation,1.25
2011,01,max_precipitation,1.29
2012,01,max_precipitation,1.38
2013,01,max_precipitation,0.9
2014,01,max_precipitation,0.5
2015,01,max_precipitation,2.1
2016,01,max_precipitation,2.31
2017,01,max_precipitation,1.18
2018,01,max_precipitation,0.76
2019,01,max_precipitation,1.33
2020,01,max_precipitation,0.85
2021,01,max_precipitation,0.78
2022,01,max_precipitation,1.16
2023,01,max_precipitation,0.9
2024,01,max_precipitation,1.73
2000,01,max_snow_depth,5
2001,01,max_snow_depth,9
2002,01,max_snow_depth,3
2003,01,max_snow_depth,1
2004,01,max_snow_depth,12
2005,01,max_snow_depth,14
2006,01,max_snow_depth,2
2007,01,max_snow_depth,1
2008,01,max_snow_depth,0
2009,01,max_snow_depth,4
2010,01,max_snow_depth,T
2011,01,max_snow_depth,23
2012,01,max_snow_depth,3
2013,01,max_snow_depth,2
2014,01,max_snow_depth,11
2015,01,max_snow_depth,8
2016,01,max_snow_depth,22
2017,01,max_snow_depth,4
2018,01,max_snow_depth,7
2019,01,max_snow_depth,1
2020,01,max_snow_depth,1
2021,01,max_snow_depth,0
2022,01,max_snow_depth,7
2023,01,max_snow_depth,0
2024,01,max_snow_depth,1
2000,01,max_snowfall,5.5
2001,01,max_snowfall,6
2002,01,max_snowfall,3
2003,01,max_snowfall,1
2004,01,max_snowfall,6
2005,01,max_snowfall,8.5
2006,01,max_snowfall,2
2007,01,max_snowfall,1
2008,01,max_snowfall,T
2009,01,max_snowfall,3
2010,01,max_snowfall,1.3
2011,01,max_snowfall,12.3
2012,01,max_snowfall,4.3
2013,01,max_snowfall,1.5
2014,01,max_snowfall,11
2015,01,max_snowfall,5.5
2016,01,max_snowfall,27.3
2017,01,max_snowfall,5.1
2018,01,max_snowfall,9.8
2019,01,max_snowfall,0.5
2020,01,max_snowfall,2.1
2021,01,max_snowfall,2
2022,01,max_snowfall,7.3
2023,01,max_snowfall,T
2024,01,max_snowfall,1.3
2000,01,max_temp,64
2001,01,max_temp,54
2002,01,max_temp,69
2003,01,max_temp,50
2004,01,max_temp,58
2005,01,max_temp,66
2006,01,max_temp,64
2007,01,max_temp,72
2008,01,max_temp,64
2009,01,max_temp,47
2010,01,max_temp,57
2011,01,max_temp,53
2012,01,max_temp,62
2013,01,max_temp,61
2014,01,max_temp,58
2015,01,max_temp,56
2016,01,max_temp,59
2017,01,max_temp,66
2018,01,max_temp,61
2019,01,max_temp,59
2020,01,max_temp,69
2021,01,max_temp,51
2022,01,max_temp,59
2023,01,max_temp,66
2024,01,max_temp,60
2000,01,min_temp,3
2001,01,min_temp,18
2002,01,min_temp,21
2003,01,min_temp,7
2004,01,min_temp,1
2005,01,min_temp,5
2006,01,min_temp,16
2007,01,min_temp,9
2008,01,min_temp,12
2009,01,min_temp,6
2010,01,min_temp,13
2011,01,min_temp,6
2012,01,min_temp,13
2013,01,min_temp,11
2014,01,min_temp,4
2015,01,min_temp,8
2016,01,min_temp,11
2017,01,min_temp,14
2018,01,min_temp,5
2019,01,min_temp,2
2020,01,min_temp,20
2021,01,min_temp,14
2022,01,min_temp,10
2023,01,min_temp,28
2024,01,min_temp,17
2000,01,total_percipitation,3.23
2001,01,total_percipitation,3.16
2002,01,total_percipitation,1.93
2003,01,total_percipitation,2.3
2004,01,total_percipitation,2.13
2005,01,total_percipitation,4.67
2006,01,total_percipitation,4.99
2007,01,total_percipitation,3.63
2008,01,total_percipitation,2.85
2009,01,total_percipitation,2.98
2010,01,total_percipitation,2.08
2011,01,total_percipitation,4.93
2012,01,total_percipitation,3.23
2013,01,total_percipitation,2.76
2014,01,total_percipitation,2.79
2015,01,total_percipitation,5.23
2016,01,total_percipitation,4.41
2017,01,total_percipitation,4.83
2018,01,total_percipitation,2.18
2019,01,total_percipitation,3.58
2020,01,total_percipitation,1.93
2021,01,total_percipitation,2.31
2022,01,total_percipitation,4.29
2023,01,total_percipitation,4.38
2024,01,total_percipitation,3.93
2000,01,total_snow_depth,9
2001,01,total_snow_depth,80
2002,01,total_snow_depth,4
2003,01,total_snow_depth,3
2004,01,total_snow_depth,69
2005,01,total_snow_depth,110
2006,01,total_snow_depth,3
2007,01,total_snow_depth,2
2008,01,total_snow_depth,0
2009,01,total_snow_depth,24
2010,01,total_snow_depth,0
2011,01,total_snow_depth,226
2012,01,total_snow_depth,6
2013,01,total_snow_depth,4
2014,01,total_snow_depth,57
2015,01,total_snow_depth,47
2016,01,total_snow_depth,94
2017,01,total_snow_depth,13
2018,01,total_snow_depth,37
2019,01,total_snow_depth,1
2020,01,total_snow_depth,1
2021,01,total_snow_depth,0
2022,01,total_snow_depth,31
2023,01,total_snow_depth,0
2024,01,total_snow_depth,8
2000,01,total_snowfall,9.5
2001,01,total_snowfall,8.3
2002,01,total_snowfall,3.5
2003,01,total_snowfall,4.7
2004,01,total_snowfall,17.3
2005,01,total_snowfall,15.3
2006,01,total_snowfall,2
2007,01,total_snowfall,2.6
2008,01,total_snowfall,T
2009,01,total_snowfall,9
2010,01,total_snowfall,2.1
2011,01,total_snowfall,36
2012,01,total_snowfall,4.3
2013,01,total_snowfall,1.5
2014,01,total_snowfall,19.7
2015,01,total_snowfall,16.9
2016,01,total_snowfall,27.9
2017,01,total_snowfall,7.9
2018,01,total_snowfall,11.2
2019,01,total_snowfall,1.1
2020,01,total_snowfall,2.3
2021,01,total_snowfall,2.1
2022,01,total_snowfall,15.3
2023,01,total_snowfall,T
2024,01,total_snowfall,2.3
2000,02,average_percipitation,0.06
2001,02,average_percipitation,0.07
2002,02,average_percipitation,0.03
2003,02,average_percipitation,0.16
2004,02,average_percipitation,0.09
2005,02,average_percipitation,0.11
2006,02,average_percipitation,0.1
2007,02,average_percipitation,0.07
2008,02,average_percipitation,0.21
2009,02,average_percipitation,0.03
2010,02,average_percipitation,0.24
2011,02,average_percipitation,0.12
2012,02,average_percipitation,0.05
2013,02,average_percipitation,0.15
2014,02,average_percipitation,0.2
2015,02,average_percipitation,0.07
2016,02,average_percipitation,0.15
2017,02,average_percipitation,0.09
2018,02,average_percipitation,0.21
2019,02,average_percipitation,0.11
2020,02,average_percipitation,0.09
2021,02,average_percipitation,0.18
2022,02,average_percipitation,0.12
2023,02,average_percipitation,0.05
2024,02,average_percipitation,M
2000,02,avg_temp,37.3
2001,02,avg_temp,35.9
2002,02,avg_temp,40.6
2003,02,avg_temp,30.1
2004,02,avg_temp,35.0
2005,02,avg_temp,36.5
2006,02,avg_temp,35.7
2007,02,avg_temp,28.3
2008,02,avg_temp,35.8
2009,02,avg_temp,36.7
2010,02,avg_temp,33.1
2011,02,avg_temp,36.0
2012,02,avg_temp,40.9
2013,02,avg_temp,33.9
2014,02,avg_temp,31.6
2015,02,avg_temp,23.9
2016,02,avg_temp,37.7
2017,02,avg_temp,41.6
2018,02,avg_temp,42.0
2019,02,avg_temp,36.2
2020,02,avg_temp,40.1
2021,02,avg_temp,34.2
2022,02,avg_temp,37.3
2023,02,avg_temp,41.1
2000,02,max_precipitation,0.57
2001,02,max_precipitation,0.7
2002,02,max_precipitation,0.3
2003,02,max_precipitation,1.49
2004,02,max_precipitation,1.59
2005,02,max_precipitation,0.95
2006,02,max_precipitation,1.66
2007,02,max_precipitation,0.94
2008,02,max_precipitation,1.94
2009,02,max_precipitation,0.35
2010,02,max_precipitation,2
2011,02,max_precipitation,1.32
2012,02,max_precipitation,0.6
2013,02,max_precipitation,1.56
2014,02,max_precipitation,1.78
2015,02,max_precipitation,1.02
2016,02,max_precipitation,1.22
2017,02,max_precipitation,1.16
2018,02,max_precipitation,1.21
2019,02,max_precipitation,0.75
2020,02,max_precipitation,0.51
2021,02,max_precipitation,1.85
2022,02,max_precipitation,0.74
2023,02,max_precipitation,0.34
2024,02,max_precipitation,M
2000,02,max_snow_depth,3
2001,02,max_snow_depth,6
2002,02,max_snow_depth,0
2003,02,max_snow_depth,21
2004,02,max_snow_depth,7
2005,02,max_snow_depth,9
2006,02,max_snow_depth,17
2007,02,max_snow_depth,2
2008,02,max_snow_depth,5
2009,02,max_snow_depth,3
2010,02,max_snow_depth,21
2011,02,max_snow_depth,18
2012,02,max_snow_depth,T
2013,02,max_snow_depth,11
2014,02,max_snow_depth,18
2015,02,max_snow_depth,13
2016,02,max_snow_depth,2
2017,02,max_snow_depth,8
2018,02,max_snow_depth,3
2019,02,max_snow_depth,1
2020,02,max_snow_depth,0
2021,02,max_snow_depth,14
2022,02,max_snow_depth,6
2023,02,max_snow_depth,2
2024,02,max_snow_depth,M
2000,02,max_snowfall,3
2001,02,max_snowfall,5.5
2002,02,max_snowfall,T
2003,02,max_snowfall,16.3
2004,02,max_snowfall,0.7
2005,02,max_snowfall,4.8
2006,02,max_snowfall,24.1
2007,02,max_snowfall,2
2008,02,max_snowfall,6
2009,02,max_snowfall,4.3
2010,02,max_snowfall,11.5
2011,02,max_snowfall,3.2
2012,02,max_snowfall,0.2
2013,02,max_snowfall,6.3
2014,02,max_snowfall,9.5
2015,02,max_snowfall,5
2016,02,max_snowfall,2.5
2017,02,max_snowfall,9.4
2018,02,max_snowfall,4.4
2019,02,max_snowfall,1.3
2020,02,max_snowfall,T
2021,02,max_snowfall,14.8
2022,02,max_snowfall,1.6
2023,02,max_snowfall,0.9
2024,02,max_snowfall,M
2000,02,max_temp,64
2001,02,max_temp,61
2002,02,max_temp,63
2003,02,max_temp,50
2004,02,max_temp,59
2005,02,max_temp,56
2006,02,max_temp,62
2007,02,max_temp,49
2008,02,max_temp,68
2009,02,max_temp,65
2010,02,max_temp,46
2011,02,max_temp,67
2012,02,max_temp,62
2013,02,max_temp,55
2014,02,max_temp,56
2015,02,max_temp,43
2016,02,max_temp,61
2017,02,max_temp,70
2018,02,max_temp,78
2019,02,max_temp,65
2020,02,max_temp,62
2021,02,max_temp,54
2022,02,max_temp,68
2023,02,max_temp,70
2024,02,max_temp,M
2000,02,min_temp,19
2001,02,min_temp,16
2002,02,min_temp,19
2003,02,min_temp,8
2004,02,min_temp,15
2005,02,min_temp,16
2006,02,min_temp,15
2007,02,min_temp,8
2008,02,min_temp,10
2009,02,min_temp,12
2010,02,min_temp,17
2011,02,min_temp,15
2012,02,min_temp,20
2013,02,min_temp,17
2014,02,min_temp,9
2015,02,min_temp,2
2016,02,min_temp,-1
2017,02,min_temp,19
2018,02,min_temp,16
2019,02,min_temp,11
2020,02,min_temp,14
2021,02,min_temp,17
2022,02,min_temp,16
2023,02,min_temp,3
2024,02,min_temp,M
2000,02,total_percipitation,1.66
2001,02,total_percipitation,1.95
2002,02,total_percipitation,0.71
2003,02,total_percipitation,4.55
2004,02,total_percipitation,2.68
2005,02,total_percipitation,3.04
2006,02,total_percipitation,2.88
2007,02,total_percipitation,1.99
2008,02,total_percipitation,5.95
2009,02,total_percipitation,0.93
2010,02,total_percipitation,6.69
2011,02,total_percipitation,3.47
2012,02,total_percipitation,1.37
2013,02,total_percipitation,4.25
2014,02,total_percipitation,5.48
2015,02,total_percipitation,2.04
2016,02,total_percipitation,4.4
2017,02,total_percipitation,2.48
2018,02,total_percipitation,5.83
2019,02,total_percipitation,3.14
2020,02,total_percipitation,2.54
2021,02,total_percipitation,5.13
2022,02,total_percipitation,3.23
2023,02,total_percipitation,1.28
2024,02,total_percipitation,M
2000,02,total_snow_depth,3
2001,02,total_snow_depth,8
2002,02,total_snow_depth,0
2003,02,total_snow_depth,106
2004,02,total_snow_depth,31
2005,02,total_snow_depth,70
2006,02,total_snow_depth,67
2007,02,total_snow_depth,11
2008,02,total_snow_depth,18
2009,02,total_snow_depth,10
2010,02,total_snow_depth,131
2011,02,total_snow_depth,191
2012,02,total_snow_depth,0
2013,02,total_snow_depth,34
2014,02,total_snow_depth,280
2015,02,total_snow_depth,256
2016,02,total_snow_depth,3
2017,02,total_snow_depth,21
2018,02,total_snow_depth,3
2019,02,total_snow_depth,2
2020,02,total_snow_depth,0
2021,02,total_snow_depth,169
2022,02,total_snow_depth,14
2023,02,total_snow_depth,2
2024,02,total_snow_depth,M
2000,02,total_snowfall,5.2
2001,02,total_snowfall,9.5
2002,02,total_snowfall,T
2003,02,total_snowfall,26.1
2004,02,total_snowfall,0.7
2005,02,total_snowfall,15.8
2006,02,total_snowfall,26.9
2007,02,total_snowfall,3.8
2008,02,total_snowfall,9
2009,02,total_snowfall,4.3
2010,02,total_snowfall,36.9
2011,02,total_snowfall,4.8
2012,02,total_snowfall,0.2
2013,02,total_snowfall,12.2
2014,02,total_snowfall,29
2015,02,total_snowfall,13.6
2016,02,total_snowfall,4
2017,02,total_snowfall,9.4
2018,02,total_snowfall,4.9
2019,02,total_snowfall,2.6
2020,02,total_snowfall,T
2021,02,total_snowfall,26
2022,02,total_snowfall,2
2023,02,total_snowfall,2.2
2024,02,total_snowfall,M
2000,03,average_percipitation,0.11
2001,03,average_percipitation,0.24
2002,03,average_percipitation,0.11
2003,03,average_percipitation,0.15
2004,03,average_percipitation,0.1
2005,03,average_percipitation,0.16
2006,03,average_percipitation,0.03
2007,03,average_percipitation,0.17
2008,03,average_percipitation,0.13
2009,03,average_percipitation,0.06
2010,03,average_percipitation,0.34
2011,03,average_percipitation,0.2
2012,03,average_percipitation,0.03
2013,03,average_percipitation,0.09
2014,03,average_percipitation,0.12
2015,03,average_percipitation,0.15
2016,03,average_percipitation,0.04
2017,03,average_percipitation,0.17
2018,03,average_percipitation,0.17
2019,03,average_percipitation,0.12
2020,03,average_percipitation,0.12
2021,03,average_percipitation,0.11
2022,03,average_percipitation,0.08
2023,03,average_percipitation,0.11
2024,03,average_percipitation,M
2000,03,avg_temp,47.2
2001,03,avg_temp,39.6
2002,03,avg_temp,44.1
2003,03,avg_temp,43.1
2004,03,avg_temp,43.5
2005,03,avg_temp,39.5
2006,03,avg_temp,43.1
2007,03,avg_temp,42.2
2008,03,avg_temp,42.6
2009,03,avg_temp,42.4
2010,03,avg_temp,48.2
2011,03,avg_temp,42.3
2012,03,avg_temp,50.9
2013,03,avg_temp,40.1
2014,03,avg_temp,37.7
2015,03,avg_temp,38.1
2016,03,avg_temp,48.9
2017,03,avg_temp,39.2
2018,03,avg_temp,40.1
2019,03,avg_temp,41.7
2020,03,avg_temp,48.0
2021,03,avg_temp,45.8
2022,03,avg_temp,45.3
2023,03,avg_temp,44.6
2000,03,max_precipitation,1.11
2001,03,max_precipitation,2.16
2002,03,max_precipitation,0.82
2003,03,max_precipitation,1.08
2004,03,max_precipitation,0.68
2005,03,max_precipitation,2.98
2006,03,max_precipitation,0.52
2007,03,max_precipitation,2.41
2008,03,max_precipitation,1.21
2009,03,max_precipitation,0.49
2010,03,max_precipitation,3.86
2011,03,max_precipitation,2.02
2012,03,max_precipitation,0.26
2013,03,max_precipitation,0.79
2014,03,max_precipitation,1.81
2015,03,max_precipitation,0.81
2016,03,max_precipitation,0.38
2017,03,max_precipitation,1.97
2018,03,max_precipitation,1.86
2019,03,max_precipitation,0.75
2020,03,max_precipitation,1.16
2021,03,max_precipitation,1.27
2022,03,max_precipitation,0.93
2023,03,max_precipitation,0.99
2024,03,max_precipitation,M
2000,03,max_snow_depth,0
2001,03,max_snow_depth,3
2002,03,max_snow_depth,0
2003,03,max_snow_depth,4
2004,03,max_snow_depth,4
2005,03,max_snow_depth,9
2006,03,max_snow_depth,1
2007,03,max_snow_depth,5
2008,03,max_snow_depth,0
2009,03,max_snow_depth,8
2010,03,max_snow_depth,11
2011,03,max_snow_depth,1
2012,03,max_snow_depth,0
2013,03,max_snow_depth,2
2014,03,max_snow_depth,6
2015,03,max_snow_depth,19
2016,03,max_snow_depth,T
2017,03,max_snow_depth,6
2018,03,max_snow_depth,8
2019,03,max_snow_depth,4
2020,03,max_snow_depth,0
2021,03,max_snow_depth,0
2022,03,max_snow_depth,T
2023,03,max_snow_depth,1
2024,03,max_snow_depth,M
2000,03,max_snowfall,0.4
2001,03,max_snowfall,2
2002,03,max_snowfall,T
2003,03,max_snowfall,3.5
2004,03,max_snowfall,3.5
2005,03,max_snowfall,2.9
2006,03,max_snowfall,1.3
2007,03,max_snowfall,5.5
2008,03,max_snowfall,T
2009,03,max_snowfall,6.5
2010,03,max_snowfall,T
2011,03,max_snowfall,1
2012,03,max_snowfall,0
2013,03,max_snowfall,4
2014,03,max_snowfall,0.1
2015,03,max_snowfall,7.5
2016,03,max_snowfall,0.5
2017,03,max_snowfall,7.6
2018,03,max_snowfall,8.2
2019,03,max_snowfall,4
2020,03,max_snowfall,T
2021,03,max_snowfall,T
2022,03,max_snowfall,0.4
2023,03,max_snowfall,0.1
2024,03,max_snowfall,M
2000,03,max_temp,71
2001,03,max_temp,57
2002,03,max_temp,72
2003,03,max_temp,69
2004,03,max_temp,70
2005,03,max_temp,63
2006,03,max_temp,74
2007,03,max_temp,78
2008,03,max_temp,63
2009,03,max_temp,70
2010,03,max_temp,74
2011,03,max_temp,77
2012,03,max_temp,78
2013,03,max_temp,59
2014,03,max_temp,66
2015,03,max_temp,62
2016,03,max_temp,79
2017,03,max_temp,70
2018,03,max_temp,62
2019,03,max_temp,75
2020,03,max_temp,77
2021,03,max_temp,82
2022,03,max_temp,74
2023,03,max_temp,63
2024,03,max_temp,M
2000,03,min_temp,22
2001,03,min_temp,24
2002,03,min_temp,19
2003,03,min_temp,11
2004,03,min_temp,24
2005,03,min_temp,16
2006,03,min_temp,22
2007,03,min_temp,11
2008,03,min_temp,27
2009,03,min_temp,12
2010,03,min_temp,29
2011,03,min_temp,20
2012,03,min_temp,25
2013,03,min_temp,27
2014,03,min_temp,13
2015,03,min_temp,12
2016,03,min_temp,26
2017,03,min_temp,14
2018,03,min_temp,27
2019,03,min_temp,18
2020,03,min_temp,25
2021,03,min_temp,21
2022,03,min_temp,21
2023,03,min_temp,29
2024,03,min_temp,M
2000,03,total_percipitation,3.34
2001,03,total_percipitation,7.48
2002,03,total_percipitation,3.54
2003,03,total_percipitation,4.57
2004,03,total_percipitation,2.99
2005,03,total_percipitation,4.96
2006,03,total_percipitation,0.8
2007,03,total_percipitation,5.35
2008,03,total_percipitation,4.08
2009,03,total_percipitation,1.75
2010,03,total_percipitation,10.69
2011,03,total_percipitation,6.19
2012,03,total_percipitation,0.96
2013,03,total_percipitation,2.9
2014,03,total_percipitation,3.67
2015,03,total_percipitation,4.72
2016,03,total_percipitation,1.17
2017,03,total_percipitation,5.25
2018,03,total_percipitation,5.17
2019,03,total_percipitation,3.87
2020,03,total_percipitation,3.78
2021,03,total_percipitation,3.41
2022,03,total_percipitation,2.39
2023,03,total_percipitation,3.32
2024,03,total_percipitation,M
2000,03,total_snow_depth,0
2001,03,total_snow_depth,8
2002,03,total_snow_depth,0
2003,03,total_snow_depth,7
2004,03,total_snow_depth,8
2005,03,total_snow_depth,35
2006,03,total_snow_depth,2
2007,03,total_snow_depth,10
2008,03,total_snow_depth,0
2009,03,total_snow_depth,25
2010,03,total_snow_depth,22
2011,03,total_snow_depth,1
2012,03,total_snow_depth,0
2013,03,total_snow_depth,6
2014,03,total_snow_depth,39
2015,03,total_snow_depth,160
2016,03,total_snow_depth,0
2017,03,total_snow_depth,26
2018,03,total_snow_depth,14
2019,03,total_snow_depth,15
2020,03,total_snow_depth,0
2021,03,total_snow_depth,0
2022,03,total_snow_depth,0
2023,03,total_snow_depth,1
2024,03,total_snow_depth,M
2000,03,total_snowfall,0.4
2001,03,total_snowfall,3.8
2002,03,total_snowfall,T
2003,03,total_snowfall,3.5
2004,03,total_snowfall,4.8
2005,03,total_snowfall,6.9
2006,03,total_snowfall,1.3
2007,03,total_snowfall,6
2008,03,total_snowfall,T
2009,03,total_snowfall,8.3
2010,03,total_snowfall,T
2011,03,total_snowfall,1
2012,03,total_snowfall,0
2013,03,total_snowfall,7.3
2014,03,total_snowfall,0.1
2015,03,total_snowfall,18.6
2016,03,total_snowfall,0.9
2017,03,total_snowfall,9.7
2018,03,total_snowfall,11.6
2019,03,total_snowfall,10.4
2020,03,total_snowfall,T
2021,03,total_snowfall,T
2022,03,total_snowfall,0.4
2023,03,total_snowfall,0.1
2024,03,total_snowfall,M
2000,04,average_percipitation,0.12
2001,04,average_percipitation,0.05
2002,04,average_percipitation,0.11
2003,04,average_percipitation,0.11
2004,04,average_percipitation,0.14
2005,04,average_percipitation,0.16
2006,04,average_percipitation,0.19
2007,04,average_percipitation,0.44
2008,04,average_percipitation,0.09
2009,04,average_percipitation,0.16
2010,04,average_percipitation,0.1
2011,04,average_percipitation,0.18
2012,04,average_percipitation,0.12
2013,04,average_percipitation,0.04
2014,04,average_percipitation,0.26
2015,04,average_percipitation,0.07
2016,04,average_percipitation,0.05
2017,04,average_percipitation,0.13
2018,04,average_percipitation,0.19
2019,04,average_percipitation,0.15
2020,04,average_percipitation,0.15
2021,04,average_percipitation,0.09
2022,04,average_percipitation,0.15
2023,04,average_percipitation,0.26
2024,04,average_percipitation,M
2000,04,avg_temp,51.0
2001,04,avg_temp,53.9
2002,04,avg_temp,56.1
2003,04,avg_temp,49.8
2004,04,avg_temp,53.6
2005,04,avg_temp,55.1
2006,04,avg_temp,55.7
2007,04,avg_temp,50.3
2008,04,avg_temp,55.0
2009,04,avg_temp,54.5
2010,04,avg_temp,57.9
2011,04,avg_temp,54.3
2012,04,avg_temp,54.8
2013,04,avg_temp,53.0
2014,04,avg_temp,52.3
2015,04,avg_temp,54.3
2016,04,avg_temp,53.3
2017,04,avg_temp,57.2
2018,04,avg_temp,49.5
2019,04,avg_temp,55.5
2020,04,avg_temp,50.4
2021,04,avg_temp,54.6
2022,04,avg_temp,52.8
2023,04,avg_temp,57.6
2000,04,max_precipitation,1.62
2001,04,max_precipitation,0.6
2002,04,max_precipitation,1.64
2003,04,max_precipitation,0.66
2004,04,max_precipitation,1.29
2005,04,max_precipitation,1.8
2006,04,max_precipitation,2.34
2007,04,max_precipitation,7.57
2008,04,max_precipitation,1.18
2009,04,max_precipitation,1.79
2010,04,max_precipitation,1.6
2011,04,max_precipitation,1.45
2012,04,max_precipitation,2.45
2013,04,max_precipitation,0.63
2014,04,max_precipitation,4.97
2015,04,max_precipitation,1.37
2016,04,max_precipitation,0.47
2017,04,max_precipitation,1.18
2018,04,max_precipitation,2.82
2019,04,max_precipitation,1.03
2020,04,max_precipitation,1.92
2021,04,max_precipitation,0.83
2022,04,max_precipitation,1.24
2023,04,max_precipitation,2.46
2024,04,max_precipitation,M
2000,04,max_snow_depth,1
2001,04,max_snow_depth,0
2002,04,max_snow_depth,0
2003,04,max_snow_depth,4
2004,04,max_snow_depth,0
2005,04,max_snow_depth,0
2006,04,max_snow_depth,0
2007,04,max_snow_depth,0
2008,04,max_snow_depth,0
2009,04,max_snow_depth,0
2010,04,max_snow_depth,0
2011,04,max_snow_depth,0
2012,04,max_snow_depth,0
2013,04,max_snow_depth,0
2014,04,max_snow_depth,0
2015,04,max_snow_depth,0
2016,04,max_snow_depth,0
2017,04,max_snow_depth,0
2018,04,max_snow_depth,5
2019,04,max_snow_depth,0
2020,04,max_snow_depth,0
2021,04,max_snow_depth,0
2022,04,max_snow_depth,0
2023,04,max_snow_depth,0
2024,04,max_snow_depth,M
2000,04,max_snowfall,1.2
2001,04,max_snowfall,0
2002,04,max_snowfall,T
2003,04,max_snowfall,4
2004,04,max_snowfall,0
2005,04,max_snowfall,0
2006,04,max_snowfall,0.1
2007,04,max_snowfall,T
2008,04,max_snowfall,0
2009,04,max_snowfall,T
2010,04,max_snowfall,0
2011,04,max_snowfall,T
2012,04,max_snowfall,0
2013,04,max_snowfall,0
2014,04,max_snowfall,T
2015,04,max_snowfall,0
2016,04,max_snowfall,T
2017,04,max_snowfall,0
2018,04,max_snowfall,5.5
2019,04,max_snowfall,0
2020,04,max_snowfall,T
2021,04,max_snowfall,0
2022,04,max_snowfall,0
2023,04,max_snowfall,0
2024,04,max_snowfall,M
2000,04,max_temp,75
2001,04,max_temp,87
2002,04,max_temp,96
2003,04,max_temp,88
2004,04,max_temp,85
2005,04,max_temp,87
2006,04,max_temp,83
2007,04,max_temp,86
2008,04,max_temp,84
2009,04,max_temp,92
2010,04,max_temp,92
2011,04,max_temp,83
2012,04,max_temp,88
2013,04,max_temp,82
2014,04,max_temp,77
2015,04,max_temp,80
2016,04,max_temp,82
2017,04,max_temp,87
2018,04,max_temp,82
2019,04,max_temp,80
2020,04,max_temp,68
2021,04,max_temp,85
2022,04,max_temp,79
2023,04,max_temp,91
2024,04,max_temp,M
2000,04,min_temp,30
2001,04,min_temp,34
2002,04,min_temp,30
2003,04,min_temp,30
2004,04,min_temp,29
2005,04,min_temp,37
2006,04,min_temp,33
2007,04,min_temp,30
2008,04,min_temp,33
2009,04,min_temp,34
2010,04,min_temp,40
2011,04,min_temp,35
2012,04,min_temp,38
2013,04,min_temp,33
2014,04,min_temp,31
2015,04,min_temp,32
2016,04,min_temp,26
2017,04,min_temp,37
2018,04,min_temp,32
2019,04,min_temp,33
2020,04,min_temp,36
2021,04,min_temp,28
2022,04,min_temp,38
2023,04,min_temp,37
2024,04,min_temp,M
2000,04,total_percipitation,3.53
2001,04,total_percipitation,1.58
2002,04,total_percipitation,3.41
2003,04,total_percipitation,3.2
2004,04,total_percipitation,4.11
2005,04,total_percipitation,4.81
2006,04,total_percipitation,5.56
2007,04,total_percipitation,13.05
2008,04,total_percipitation,2.77
2009,04,total_percipitation,4.69
2010,04,total_percipitation,2.99
2011,04,total_percipitation,5.35
2012,04,total_percipitation,3.56
2013,04,total_percipitation,1.31
2014,04,total_percipitation,7.85
2015,04,total_percipitation,2.08
2016,04,total_percipitation,1.61
2017,04,total_percipitation,3.84
2018,04,total_percipitation,5.78
2019,04,total_percipitation,4.55
2020,04,total_percipitation,4.49
2021,04,total_percipitation,2.69
2022,04,total_percipitation,4.53
2023,04,total_percipitation,7.7
2024,04,total_percipitation,M
2000,04,total_snow_depth,1
2001,04,total_snow_depth,0
2002,04,total_snow_depth,0
2003,04,total_snow_depth,4
2004,04,total_snow_depth,0
2005,04,total_snow_depth,0
2006,04,total_snow_depth,0
2007,04,total_snow_depth,0
2008,04,total_snow_depth,0
2009,04,total_snow_depth,0
2010,04,total_snow_depth,0
2011,04,total_snow_depth,0
2012,04,total_snow_depth,0
2013,04,total_snow_depth,0
2014,04,total_snow_depth,0
2015,04,total_snow_depth,0
2016,04,total_snow_depth,0
2017,04,total_snow_depth,0
2018,04,total_snow_depth,5
2019,04,total_snow_depth,0
2020,04,total_snow_depth,0
2021,04,total_snow_depth,0
2022,04,total_snow_depth,0
2023,04,total_snow_depth,0
2024,04,total_snow_depth,M
2000,04,total_snowfall,1.2
2001,04,total_snowfall,0
2002,04,total_snowfall,T
2003,04,total_snowfall,4
2004,04,total_snowfall,0
2005,04,total_snowfall,0
2006,04,total_snowfall,0.1
2007,04,total_snowfall,T
2008,04,total_snowfall,0
2009,04,total_snowfall,T
2010,04,total_snowfall,0
2011,04,total_snowfall,T
2012,04,total_snowfall,0
2013,04,total_snowfall,0
2014,04,total_snowfall,T
2015,04,total_snowfall,0
2016,04,total_snowfall,T
2017,04,total_snowfall,0
2018,04,total_snowfall,5.5
2019,04,total_snowfall,0
2020,04,total_snowfall,T
2021,04,total_snowfall,0
2022,04,total_snowfall,0
2023,04,total_snowfall,0
2024,04,total_snowfall,M
2000,05,average_percipitation,0.15
2001,05,average_percipitation,0.07
2002,05,average_percipitation,0.12
2003,05,average_percipitation,0.11
2004,05,average_percipitation,0.19
2005,05,average_percipitation,0.05
2006,05,average_percipitation,0.15
2007,05,average_percipitation,0.06
2008,05,average_percipitation,0.13
2009,05,average_percipitation,0.17
2010,05,average_percipitation,0.1
2011,05,average_percipitation,0.16
2012,05,average_percipitation,0.17
2013,05,average_percipitation,0.26
2014,05,average_percipitation,0.14
2015,05,average_percipitation,0.06
2016,05,average_percipitation,0.12
2017,05,average_percipitation,0.21
2018,05,average_percipitation,0.11
2019,05,average_percipitation,0.22
2020,05,average_percipitation,0.05
2021,05,average_percipitation,0.14
2022,05,average_percipitation,0.15
2023,05,average_percipitation,0.04
2024,05,average_percipitation,M
2000,05,avg_temp,63.5
2001,05,avg_temp,63.6
2002,05,avg_temp,60.7
2003,05,avg_temp,58.7
2004,05,avg_temp,65.2
2005,05,avg_temp,58.9
2006,05,avg_temp,63.1
2007,05,avg_temp,65.2
2008,05,avg_temp,60.1
2009,05,avg_temp,62.5
2010,05,avg_temp,65.3
2011,05,avg_temp,64.5
2012,05,avg_temp,65.1
2013,05,avg_temp,62.8
2014,05,avg_temp,64.0
2015,05,avg_temp,68.5
2016,05,avg_temp,62.8
2017,05,avg_temp,61.1
2018,05,avg_temp,66.9
2019,05,avg_temp,62.2
2020,05,avg_temp,60.3
2021,05,avg_temp,62.9
2022,05,avg_temp,64.0
2023,05,avg_temp,62.7
2000,05,max_precipitation,1.07
2001,05,max_precipitation,0.84
2002,05,max_precipitation,1.57
2003,05,max_precipitation,1.28
2004,05,max_precipitation,1.45
2005,05,max_precipitation,0.26
2006,05,max_precipitation,1.53
2007,05,max_precipitation,0.83
2008,05,max_precipitation,1.27
2009,05,max_precipitation,1.15
2010,05,max_precipitation,1.29
2011,05,max_precipitation,2.18
2012,05,max_precipitation,1.4
2013,05,max_precipitation,3.02
2014,05,max_precipitation,1.54
2015,05,max_precipitation,1.46
2016,05,max_precipitation,1.65
2017,05,max_precipitation,3.02
2018,05,max_precipitation,0.65
2019,05,max_precipitation,1.32
2020,05,max_precipitation,0.65
2021,05,max_precipitation,1.22
2022,05,max_precipitation,0.92
2023,05,max_precipitation,0.77
2024,05,max_precipitation,M
2000,05,max_snow_depth,0
2001,05,max_snow_depth,0
2002,05,max_snow_depth,0
2003,05,max_snow_depth,0
2004,05,max_snow_depth,0
2005,05,max_snow_depth,0
2006,05,max_snow_depth,0
2007,05,max_snow_depth,0
2008,05,max_snow_depth,0
2009,05,max_snow_depth,0
2010,05,max_snow_depth,0
2011,05,max_snow_depth,0
2012,05,max_snow_depth,0
2013,05,max_snow_depth,0
2014,05,max_snow_depth,0
2015,05,max_snow_depth,0
2016,05,max_snow_depth,0
2017,05,max_snow_depth,0
2018,05,max_snow_depth,0
2019,05,max_snow_depth,0
2020,05,max_snow_depth,0
2021,05,max_snow_depth,0
2022,05,max_snow_depth,0
2023,05,max_snow_depth,0
2024,05,max_snow_depth,M
2000,05,max_snowfall,0
2001,05,max_snowfall,0
2002,05,max_snowfall,0
2003,05,max_snowfall,0
2004,05,max_snowfall,0
2005,05,max_snowfall,0
2006,05,max_snowfall,0
2007,05,max_snowfall,0
2008,05,max_snowfall,0
2009,05,max_snowfall,0
2010,05,max_snowfall,0
2011,05,max_snowfall,0
2012,05,max_snowfall,0
2013,05,max_snowfall,0
2014,05,max_snowfall,0
2015,05,max_snowfall,0
2016,05,max_snowfall,0
2017,05,max_snowfall,0
2018,05,max_snowfall,0
2019,05,max_snowfall,0
2020,05,max_snowfall,T
2021,05,max_snowfall,0
2022,05,max_snowfall,0
2023,05,max_snowfall,0
2024,05,max_snowfall,M
2000,05,max_temp,93
2001,05,max_temp,92
2002,05,max_temp,86
2003,05,max_temp,79
2004,05,max_temp,87
2005,05,max_temp,79
2006,05,max_temp,88
2007,05,max_temp,91
2008,05,max_temp,83
2009,05,max_temp,86
2010,05,max_temp,92
2011,05,max_temp,89
2012,05,max_temp,89
2013,05,max_temp,90
2014,05,max_temp,86
2015,05,max_temp,88
2016,05,max_temp,92
2017,05,max_temp,92
2018,05,max_temp,92
2019,05,max_temp,86
2020,05,max_temp,84
2021,05,max_temp,89
2022,05,max_temp,93
2023,05,max_temp,87
2024,05,max_temp,M
2000,05,min_temp,46
2001,05,min_temp,43
2002,05,min_temp,41
2003,05,min_temp,45
2004,05,min_temp,42
2005,05,min_temp,41
2006,05,min_temp,45
2007,05,min_temp,44
2008,05,min_temp,44
2009,05,min_temp,43
2010,05,min_temp,41
2011,05,min_temp,46
2012,05,min_temp,49
2013,05,min_temp,42
2014,05,min_temp,49
2015,05,min_temp,48
2016,05,min_temp,43
2017,05,min_temp,44
2018,05,min_temp,48
2019,05,min_temp,42
2020,05,min_temp,34
2021,05,min_temp,42
2022,05,min_temp,45
2023,05,min_temp,43
2024,05,min_temp,M
2000,05,total_percipitation,4.5
2001,05,total_percipitation,2.03
2002,05,total_percipitation,3.69
2003,05,total_percipitation,3.4
2004,05,total_percipitation,5.76
2005,05,total_percipitation,1.48
2006,05,total_percipitation,4.62
2007,05,total_percipitation,1.88
2008,05,total_percipitation,4.01
2009,05,total_percipitation,5.17
2010,05,total_percipitation,3.01
2011,05,total_percipitation,5.11
2012,05,total_percipitation,5.38
2013,05,total_percipitation,8
2014,05,total_percipitation,4.37
2015,05,total_percipitation,1.86
2016,05,total_percipitation,3.75
2017,05,total_percipitation,6.38
2018,05,total_percipitation,3.53
2019,05,total_percipitation,6.82
2020,05,total_percipitation,1.65
2021,05,total_percipitation,4.36
2022,05,total_percipitation,4.52
2023,05,total_percipitation,1.28
2024,05,total_percipitation,M
2000,05,total_snow_depth,0
2001,05,total_snow_depth,0
2002,05,total_snow_depth,0
2003,05,total_snow_depth,0
2004,05,total_snow_depth,0
2005,05,total_snow_depth,0
2006,05,total_snow_depth,0
2007,05,total_snow_depth,0
2008,05,total_snow_depth,0
2009,05,total_snow_depth,0
2010,05,total_snow_depth,0
2011,05,total_snow_depth,0
2012,05,total_snow_depth,0
2013,05,total_snow_depth,0
2014,05,total_snow_depth,0
2015,05,total_snow_depth,0
2016,05,total_snow_depth,0
2017,05,total_snow_depth,0
2018,05,total_snow_depth,0
2019,05,total_snow_depth,0
2020,05,total_snow_depth,0
2021,05,total_snow_depth,0
2022,05,total_snow_depth,0
2023,05,total_snow_depth,0
2024,05,total_snow_depth,M
2000,05,total_snowfall,0
2001,05,total_snowfall,0
2002,05,total_snowfall,0
2003,05,total_snowfall,0
2004,05,total_snowfall,0
2005,05,total_snowfall,0
2006,05,total_snowfall,0
2007,05,total_snowfall,0
2008,05,total_snowfall,0
2009,05,total_snowfall,0
2010,05,total_snowfall,0
2011,05,total_snowfall,0
2012,05,total_snowfall,0
2013,05,total_snowfall,0
2014,05,total_snowfall,0
2015,05,total_snowfall,0
2016,05,total_snowfall,0
2017,05,total_snowfall,0
2018,05,total_snowfall,0
2019,05,total_snowfall,0
2020,05,total_snowfall,T
2021,05,total_snowfall,0
2022,05,total_snowfall,0
2023,05,total_snowfall,0
2024,05,total_snowfall,M
2000,06,average_percipitation,0.16
2001,06,average_percipitation,0.18
2002,06,average_percipitation,0.15
2003,06,average_percipitation,0.34
2004,06,average_percipitation,0.1
2005,06,average_percipitation,0.11
2006,06,average_percipitation,0.28
2007,06,average_percipitation,0.22
2008,06,average_percipitation,0.16
2009,06,average_percipitation,0.34
2010,06,average_percipitation,0.07
2011,06,average_percipitation,0.11
2012,06,average_percipitation,0.1
2013,06,average_percipitation,0.34
2014,06,average_percipitation,0.14
2015,06,average_percipitation,0.16
2016,06,average_percipitation,0.09
2017,06,average_percipitation,0.16
2018,06,average_percipitation,0.1
2019,06,average_percipitation,0.18
2020,06,average_percipitation,0.06
2021,06,average_percipitation,0.09
2022,06,average_percipitation,0.1
2023,06,average_percipitation,0.05
2024,06,average_percipitation,M
2000,06,avg_temp,71.3
2001,06,avg_temp,72.9
2002,06,avg_temp,71.5
2003,06,avg_temp,68.4
2004,06,avg_temp,71.2
2005,06,avg_temp,74.0
2006,06,avg_temp,71.0
2007,06,avg_temp,71.4
2008,06,avg_temp,74.0
2009,06,avg_temp,67.5
2010,06,avg_temp,74.7
2011,06,avg_temp,72.3
2012,06,avg_temp,71.0
2013,06,avg_temp,72.7
2014,06,avg_temp,72.5
2015,06,avg_temp,71.2
2016,06,avg_temp,72.3
2017,06,avg_temp,72.0
2018,06,avg_temp,71.7
2019,06,avg_temp,71.7
2020,06,avg_temp,73.7
2021,06,avg_temp,74.3
2022,06,avg_temp,71.4
2023,06,avg_temp,70.0
2000,06,max_precipitation,2.62
2001,06,max_precipitation,1.64
2002,06,max_precipitation,1.69
2003,06,max_precipitation,2.75
2004,06,max_precipitation,0.99
2005,06,max_precipitation,0.59
2006,06,max_precipitation,2.79
2007,06,max_precipitation,2.29
2008,06,max_precipitation,2.01
2009,06,max_precipitation,2.3
2010,06,max_precipitation,0.89
2011,06,max_precipitation,1.82
2012,06,max_precipitation,1.02
2013,06,max_precipitation,4.16
2014,06,max_precipitation,1.6
2015,06,max_precipitation,1.12
2016,06,max_precipitation,0.91
2017,06,max_precipitation,1.39
2018,06,max_precipitation,1.36
2019,06,max_precipitation,0.86
2020,06,max_precipitation,0.58
2021,06,max_precipitation,0.65
2022,06,max_precipitation,0.83
2023,06,max_precipitation,0.51
2024,06,max_precipitation,M
2000,06,max_snow_depth,0
2001,06,max_snow_depth,0
2002,06,max_snow_depth,0
2003,06,max_snow_depth,0
2004,06,max_snow_depth,0
2005,06,max_snow_depth,0
2006,06,max_snow_depth,0
2007,06,max_snow_depth,0
2008,06,max_snow_depth,0
2009,06,max_snow_depth,0
2010,06,max_snow_depth,0
2011,06,max_snow_depth,0
2012,06,max_snow_depth,0
2013,06,max_snow_depth,0
2014,06,max_snow_depth,0
2015,06,max_snow_depth,0
2016,06,max_snow_depth,0
2017,06,max_snow_depth,0
2018,06,max_snow_depth,0
2019,06,max_snow_depth,0
2020,06,max_snow_depth,0
2021,06,max_snow_depth,0
2022,06,max_snow_depth,0
2023,06,max_snow_depth,0
2024,06,max_snow_depth,M
2000,06,max_snowfall,0
2001,06,max_snowfall,0
2002,06,max_snowfall,0
2003,06,max_snowfall,0
2004,06,max_snowfall,0
2005,06,max_snowfall,0
2006,06,max_snowfall,0
2007,06,max_snowfall,0
2008,06,max_snowfall,0
2009,06,max_snowfall,0
2010,06,max_snowfall,0
2011,06,max_snowfall,0
2012,06,max_snowfall,0
2013,06,max_snowfall,0
2014,06,max_snowfall,0
2015,06,max_snowfall,0
2016,06,max_snowfall,0
2017,06,max_snowfall,0
2018,06,max_snowfall,0
2019,06,max_snowfall,0
2020,06,max_snowfall,0
2021,06,max_snowfall,0
2022,06,max_snowfall,0
2023,06,max_snowfall,0
2024,06,max_snowfall,M
2000,06,max_temp,92
2001,06,max_temp,91
2002,06,max_temp,92
2003,06,max_temp,93
2004,06,max_temp,91
2005,06,max_temp,93
2006,06,max_temp,91
2007,06,max_temp,91
2008,06,max_temp,96
2009,06,max_temp,84
2010,06,max_temp,93
2011,06,max_temp,95
2012,06,max_temp,94
2013,06,max_temp,92
2014,06,max_temp,89
2015,06,max_temp,90
2016,06,max_temp,88
2017,06,max_temp,94
2018,06,max_temp,93
2019,06,max_temp,91
2020,06,max_temp,90
2021,06,max_temp,98
2022,06,max_temp,90
2023,06,max_temp,91
2024,06,max_temp,M
2000,06,min_temp,49
2001,06,min_temp,50
2002,06,min_temp,53
2003,06,min_temp,50
2004,06,min_temp,56
2005,06,min_temp,54
2006,06,min_temp,52
2007,06,min_temp,54
2008,06,min_temp,57
2009,06,min_temp,50
2010,06,min_temp,57
2011,06,min_temp,56
2012,06,min_temp,51
2013,06,min_temp,53
2014,06,min_temp,55
2015,06,min_temp,50
2016,06,min_temp,52
2017,06,min_temp,51
2018,06,min_temp,51
2019,06,min_temp,54
2020,06,min_temp,51
2021,06,min_temp,55
2022,06,min_temp,54
2023,06,min_temp,49
2024,06,min_temp,M
2000,06,total_percipitation,4.87
2001,06,total_percipitation,5.29
2002,06,total_percipitation,4.48
2003,06,total_percipitation,10.26
2004,06,total_percipitation,3.02
2005,06,total_percipitation,3.21
2006,06,total_percipitation,8.55
2007,06,total_percipitation,6.55
2008,06,total_percipitation,4.7
2009,06,total_percipitation,10.05
2010,06,total_percipitation,2.2
2011,06,total_percipitation,3.25
2012,06,total_percipitation,2.97
2013,06,total_percipitation,10.1
2014,06,total_percipitation,4.26
2015,06,total_percipitation,4.79
2016,06,total_percipitation,2.6
2017,06,total_percipitation,4.76
2018,06,total_percipitation,3.11
2019,06,total_percipitation,5.46
2020,06,total_percipitation,1.76
2021,06,total_percipitation,2.62
2022,06,total_percipitation,2.92
2023,06,total_percipitation,1.62
2024,06,total_percipitation,M
2000,06,total_snow_depth,0
2001,06,total_snow_depth,0
2002,06,total_snow_depth,0
2003,06,total_snow_depth,0
2004,06,total_snow_depth,0
2005,06,total_snow_depth,0
2006,06,total_snow_depth,0
2007,06,total_snow_depth,0
2008,06,total_snow_depth,0
2009,06,total_snow_depth,0
2010,06,total_snow_depth,0
2011,06,total_snow_depth,0
2012,06,total_snow_depth,0
2013,06,total_snow_depth,0
2014,06,total_snow_depth,0
2015,06,total_snow_depth,0
2016,06,total_snow_depth,0
2017,06,total_snow_depth,0
2018,06,total_snow_depth,0
2019,06,total_snow_depth,0
2020,06,total_snow_depth,0
2021,06,total_snow_depth,0
2022,06,total_snow_depth,0
2023,06,total_snow_depth,0
2024,06,total_snow_depth,M
2000,06,total_snowfall,0
2001,06,total_snowfall,0
2002,06,total_snowfall,0
2003,06,total_snowfall,0
2004,06,total_snowfall,0
2005,06,total_snowfall,0
2006,06,total_snowfall,0
2007,06,total_snowfall,0
2008,06,total_snowfall,0
2009,06,total_snowfall,0
2010,06,total_snowfall,0
2011,06,total_snowfall,0
2012,06,total_snowfall,0
2013,06,total_snowfall,0
2014,06,total_snowfall,0
2015,06,total_snowfall,0
2016,06,total_snowfall,0
2017,06,total_snowfall,0
2018,06,total_snowfall,0
2019,06,total_snowfall,0
2020,06,total_snowfall,0
2021,06,total_snowfall,0
2022,06,total_snowfall,0
2023,06,total_snowfall,0
2024,06,total_snowfall,M
2000,07,average_percipitation,0.23
2001,07,average_percipitation,0.07
2002,07,average_percipitation,0.03
2003,07,average_percipitation,0.12
2004,07,average_percipitation,0.25
2005,07,average_percipitation,0.11
2006,07,average_percipitation,0.2
2007,07,average_percipitation,0.22
2008,07,average_percipitation,0.09
2009,07,average_percipitation,0.23
2010,07,average_percipitation,0.08
2011,07,average_percipitation,0.1
2012,07,average_percipitation,0.14
2013,07,average_percipitation,0.09
2014,07,average_percipitation,0.18
2015,07,average_percipitation,0.13
2016,07,average_percipitation,0.23
2017,07,average_percipitation,0.14
2018,07,average_percipitation,0.24
2019,07,average_percipitation,0.19
2020,07,average_percipitation,0.21
2021,07,average_percipitation,0.36
2022,07,average_percipitation,0.15
2023,07,average_percipitation,0.17
2024,07,average_percipitation,M
2000,07,avg_temp,72.3
2001,07,avg_temp,73.1
2002,07,avg_temp,78.8
2003,07,avg_temp,75.8
2004,07,avg_temp,74.5
2005,07,avg_temp,77.5
2006,07,avg_temp,77.9
2007,07,avg_temp,75.0
2008,07,avg_temp,78.4
2009,07,avg_temp,72.7
2010,07,avg_temp,81.3
2011,07,avg_temp,80.2
2012,07,avg_temp,78.8
2013,07,avg_temp,79.8
2014,07,avg_temp,76.1
2015,07,avg_temp,78.8
2016,07,avg_temp,78.7
2017,07,avg_temp,76.8
2018,07,avg_temp,77.6
2019,07,avg_temp,79.6
2020,07,avg_temp,80.0
2021,07,avg_temp,76.0
2022,07,avg_temp,79.5
2023,07,avg_temp,79.0
2000,07,max_precipitation,3.24
2001,07,max_precipitation,0.62
2002,07,max_precipitation,0.63
2003,07,max_precipitation,1.39
2004,07,max_precipitation,2.32
2005,07,max_precipitation,1.52
2006,07,max_precipitation,1.95
2007,07,max_precipitation,2.31
2008,07,max_precipitation,1
2009,07,max_precipitation,1.52
2010,07,max_precipitation,0.84
2011,07,max_precipitation,1.08
2012,07,max_precipitation,1.76
2013,07,max_precipitation,0.84
2014,07,max_precipitation,1.78
2015,07,max_precipitation,1.95
2016,07,max_precipitation,1.09
2017,07,max_precipitation,1.78
2018,07,max_precipitation,2.24
2019,07,max_precipitation,1.82
2020,07,max_precipitation,2.54
2021,07,max_precipitation,2.27
2022,07,max_precipitation,1.85
2023,07,max_precipitation,1.32
2024,07,max_precipitation,M
2000,07,max_snow_depth,0
2001,07,max_snow_depth,0
2002,07,max_snow_depth,0
2003,07,max_snow_depth,0
2004,07,max_snow_depth,0
2005,07,max_snow_depth,0
2006,07,max_snow_depth,0
2007,07,max_snow_depth,0
2008,07,max_snow_depth,0
2009,07,max_snow_depth,0
2010,07,max_snow_depth,0
2011,07,max_snow_depth,0
2012,07,max_snow_depth,0
2013,07,max_snow_depth,0
2014,07,max_snow_depth,0
2015,07,max_snow_depth,0
2016,07,max_snow_depth,0
2017,07,max_snow_depth,0
2018,07,max_snow_depth,0
2019,07,max_snow_depth,0
2020,07,max_snow_depth,0
2021,07,max_snow_depth,0
2022,07,max_snow_depth,0
2023,07,max_snow_depth,0
2024,07,max_snow_depth,M
2000,07,max_snowfall,0
2001,07,max_snowfall,0
2002,07,max_snowfall,0
2003,07,max_snowfall,0
2004,07,max_snowfall,0
2005,07,max_snowfall,0
2006,07,max_snowfall,0
2007,07,max_snowfall,0
2008,07,max_snowfall,0
2009,07,max_snowfall,0
2010,07,max_snowfall,0
2011,07,max_snowfall,0
2012,07,max_snowfall,0
2013,07,max_snowfall,0
2014,07,max_snowfall,0
2015,07,max_snowfall,0
2016,07,max_snowfall,0
2017,07,max_snowfall,0
2018,07,max_snowfall,0
2019,07,max_snowfall,0
2020,07,max_snowfall,0
2021,07,max_snowfall,0
2022,07,max_snowfall,0
2023,07,max_snowfall,0
2024,07,max_snowfall,M
2000,07,max_temp,89
2001,07,max_temp,94
2002,07,max_temp,96
2003,07,max_temp,94
2004,07,max_temp,87
2005,07,max_temp,97
2006,07,max_temp,95
2007,07,max_temp,92
2008,07,max_temp,96
2009,07,max_temp,86
2010,07,max_temp,103
2011,07,max_temp,104
2012,07,max_temp,100
2013,07,max_temp,98
2014,07,max_temp,91
2015,07,max_temp,96
2016,07,max_temp,96
2017,07,max_temp,94
2018,07,max_temp,96
2019,07,max_temp,95
2020,07,max_temp,96
2021,07,max_temp,92
2022,07,max_temp,95
2023,07,max_temp,93
2024,07,max_temp,M
2000,07,min_temp,58
2001,07,min_temp,56
2002,07,min_temp,61
2003,07,min_temp,63
2004,07,min_temp,63
2005,07,min_temp,62
2006,07,min_temp,61
2007,07,min_temp,57
2008,07,min_temp,66
2009,07,min_temp,58
2010,07,min_temp,61
2011,07,min_temp,63
2012,07,min_temp,61
2013,07,min_temp,64
2014,07,min_temp,63
2015,07,min_temp,64
2016,07,min_temp,63
2017,07,min_temp,62
2018,07,min_temp,62
2019,07,min_temp,65
2020,07,min_temp,67
2021,07,min_temp,59
2022,07,min_temp,65
2023,07,min_temp,66
2024,07,min_temp,M
2000,07,total_percipitation,7.28
2001,07,total_percipitation,2.04
2002,07,total_percipitation,1.05
2003,07,total_percipitation,3.76
2004,07,total_percipitation,7.64
2005,07,total_percipitation,3.56
2006,07,total_percipitation,6.16
2007,07,total_percipitation,6.89
2008,07,total_percipitation,2.84
2009,07,total_percipitation,7.11
2010,07,total_percipitation,2.6
2011,07,total_percipitation,3.03
2012,07,total_percipitation,4.21
2013,07,total_percipitation,2.84
2014,07,total_percipitation,5.59
2015,07,total_percipitation,3.98
2016,07,total_percipitation,7.02
2017,07,total_percipitation,4.19
2018,07,total_percipitation,7.45
2019,07,total_percipitation,5.77
2020,07,total_percipitation,6.58
2021,07,total_percipitation,11.09
2022,07,total_percipitation,4.55
2023,07,total_percipitation,5.34
2024,07,total_percipitation,M
2000,07,total_snow_depth,0
2001,07,total_snow_depth,0
2002,07,total_snow_depth,0
2003,07,total_snow_depth,0
2004,07,total_snow_depth,0
2005,07,total_snow_depth,0
2006,07,total_snow_depth,0
2007,07,total_snow_depth,0
2008,07,total_snow_depth,0
2009,07,total_snow_depth,0
2010,07,total_snow_depth,0
2011,07,total_snow_depth,0
2012,07,total_snow_depth,0
2013,07,total_snow_depth,0
2014,07,total_snow_depth,0
2015,07,total_snow_depth,0
2016,07,total_snow_depth,0
2017,07,total_snow_depth,0
2018,07,total_snow_depth,0
2019,07,total_snow_depth,0
2020,07,total_snow_depth,0
2021,07,total_snow_depth,0
2022,07,total_snow_depth,0
2023,07,total_snow_depth,0
2024,07,total_snow_depth,M
2000,07,total_snowfall,0
2001,07,total_snowfall,0
2002,07,total_snowfall,0
2003,07,total_snowfall,0
2004,07,total_snowfall,0
2005,07,total_snowfall,0
2006,07,total_snowfall,0
2007,07,total_snowfall,0
2008,07,total_snowfall,0
2009,07,total_snowfall,0
2010,07,total_snowfall,0
2011,07,total_snowfall,0
2012,07,total_snowfall,0
2013,07,total_snowfall,0
2014,07,total_snowfall,0
2015,07,total_snowfall,0
2016,07,total_snowfall,0
2017,07,total_snowfall,0
2018,07,total_snowfall,0
2019,07,total_snowfall,0
2020,07,total_snowfall,0
2021,07,total_snowfall,0
2022,07,total_snowfall,0
2023,07,total_snowfall,0
2024,07,total_snowfall,M
2000,08,average_percipitation,0.12
2001,08,average_percipitation,0.08
2002,08,average_percipitation,0.16
2003,08,average_percipitation,0.19
2004,08,average_percipitation,0.1
2005,08,average_percipitation,0.13
2006,08,average_percipitation,0.2
2007,08,average_percipitation,0.23
2008,08,average_percipitation,0.18
2009,08,average_percipitation,0.14
2010,08,average_percipitation,0.13
2011,08,average_percipitation,0.61
2012,08,average_percipitation,0.09
2013,08,average_percipitation,0.09
2014,08,average_percipitation,0.07
2015,08,average_percipitation,0.08
2016,08,average_percipitation,0.06
2017,08,average_percipitation,0.11
2018,08,average_percipitation,0.28
2019,08,average_percipitation,0.12
2020,08,average_percipitation,0.16
2021,08,average_percipitation,0.33
2022,08,average_percipitation,0.06
2023,08,average_percipitation,0.21
2024,08,average_percipitation,M
2000,08,avg_temp,72.4
2001,08,avg_temp,78.7
2002,08,avg_temp,77.7
2003,08,avg_temp,76.7
2004,08,avg_temp,74.2
2005,08,avg_temp,79.7
2006,08,avg_temp,75.8
2007,08,avg_temp,74.0
2008,08,avg_temp,73.8
2009,08,avg_temp,75.7
2010,08,avg_temp,77.4
2011,08,avg_temp,75.3
2012,08,avg_temp,76.7
2013,08,avg_temp,74.6
2014,08,avg_temp,74.5
2015,08,avg_temp,79.0
2016,08,avg_temp,79.2
2017,08,avg_temp,74.0
2018,08,avg_temp,78.1
2019,08,avg_temp,75.5
2020,08,avg_temp,76.9
2021,08,avg_temp,77.5
2022,08,avg_temp,79.3
2023,08,avg_temp,75.0
2000,08,max_precipitation,0.7
2001,08,max_precipitation,0.59
2002,08,max_precipitation,2.68
2003,08,max_precipitation,1.98
2004,08,max_precipitation,0.91
2005,08,max_precipitation,3.1
2006,08,max_precipitation,2.51
2007,08,max_precipitation,2.5
2008,08,max_precipitation,2.18
2009,08,max_precipitation,1.05
2010,08,max_precipitation,1.69
2011,08,max_precipitation,5.81
2012,08,max_precipitation,0.64
2013,08,max_precipitation,0.85
2014,08,max_precipitation,0.62
2015,08,max_precipitation,1.17
2016,08,max_precipitation,0.82
2017,08,max_precipitation,0.88
2018,08,max_precipitation,2.9
2019,08,max_precipitation,1.18
2020,08,max_precipitation,1.76
2021,08,max_precipitation,4.45
2022,08,max_precipitation,0.48
2023,08,max_precipitation,1.33
2024,08,max_precipitation,M
2000,08,max_snow_depth,0
2001,08,max_snow_depth,0
2002,08,max_snow_depth,0
2003,08,max_snow_depth,0
2004,08,max_snow_depth,0
2005,08,max_snow_depth,0
2006,08,max_snow_depth,0
2007,08,max_snow_depth,0
2008,08,max_snow_depth,0
2009,08,max_snow_depth,0
2010,08,max_snow_depth,0
2011,08,max_snow_depth,0
2012,08,max_snow_depth,0
2013,08,max_snow_depth,0
2014,08,max_snow_depth,0
2015,08,max_snow_depth,0
2016,08,max_snow_depth,0
2017,08,max_snow_depth,0
2018,08,max_snow_depth,0
2019,08,max_snow_depth,0
2020,08,max_snow_depth,0
2021,08,max_snow_depth,0
2022,08,max_snow_depth,0
2023,08,max_snow_depth,0
2024,08,max_snow_depth,M
2000,08,max_snowfall,0
2001,08,max_snowfall,0
2002,08,max_snowfall,0
2003,08,max_snowfall,0
2004,08,max_snowfall,0
2005,08,max_snowfall,0
2006,08,max_snowfall,0
2007,08,max_snowfall,0
2008,08,max_snowfall,0
2009,08,max_snowfall,0
2010,08,max_snowfall,0
2011,08,max_snowfall,0
2012,08,max_snowfall,0
2013,08,max_snowfall,0
2014,08,max_snowfall,0
2015,08,max_snowfall,0
2016,08,max_snowfall,0
2017,08,max_snowfall,0
2018,08,max_snowfall,0
2019,08,max_snowfall,0
2020,08,max_snowfall,0
2021,08,max_snowfall,0
2022,08,max_snowfall,0
2023,08,max_snowfall,0
2024,08,max_snowfall,M
2000,08,max_temp,90
2001,08,max_temp,103
2002,08,max_temp,98
2003,08,max_temp,91
2004,08,max_temp,90
2005,08,max_temp,99
2006,08,max_temp,97
2007,08,max_temp,92
2008,08,max_temp,90
2009,08,max_temp,92
2010,08,max_temp,96
2011,08,max_temp,94
2012,08,max_temp,91
2013,08,max_temp,90
2014,08,max_temp,90
2015,08,max_temp,95
2016,08,max_temp,96
2017,08,max_temp,92
2018,08,max_temp,94
2019,08,max_temp,90
2020,08,max_temp,92
2021,08,max_temp,94
2022,08,max_temp,97
2023,08,max_temp,88
2024,08,max_temp,M
2000,08,min_temp,57
2001,08,min_temp,63
2002,08,min_temp,60
2003,08,min_temp,61
2004,08,min_temp,58
2005,08,min_temp,65
2006,08,min_temp,60
2007,08,min_temp,56
2008,08,min_temp,58
2009,08,min_temp,62
2010,08,min_temp,61
2011,08,min_temp,59
2012,08,min_temp,61
2013,08,min_temp,59
2014,08,min_temp,61
2015,08,min_temp,63
2016,08,min_temp,61
2017,08,min_temp,60
2018,08,min_temp,65
2019,08,min_temp,61
2020,08,min_temp,62
2021,08,min_temp,63
2022,08,min_temp,62
2023,08,min_temp,63
2024,08,min_temp,M
2000,08,total_percipitation,3.82
2001,08,total_percipitation,2.56
2002,08,total_percipitation,4.91
2003,08,total_percipitation,5.85
2004,08,total_percipitation,3.02
2005,08,total_percipitation,3.96
2006,08,total_percipitation,6.08
2007,08,total_percipitation,7.18
2008,08,total_percipitation,5.58
2009,08,total_percipitation,4.22
2010,08,total_percipitation,4.14
2011,08,total_percipitation,18.95
2012,08,total_percipitation,2.91
2013,08,total_percipitation,2.85
2014,08,total_percipitation,2.25
2015,08,total_percipitation,2.35
2016,08,total_percipitation,1.97
2017,08,total_percipitation,3.34
2018,08,total_percipitation,8.59
2019,08,total_percipitation,3.7
2020,08,total_percipitation,5.03
2021,08,total_percipitation,10.32
2022,08,total_percipitation,1.71
2023,08,total_percipitation,6.56
2024,08,total_percipitation,M
2000,08,total_snow_depth,0
2001,08,total_snow_depth,0
2002,08,total_snow_depth,0
2003,08,total_snow_depth,0
2004,08,total_snow_depth,0
2005,08,total_snow_depth,0
2006,08,total_snow_depth,0
2007,08,total_snow_depth,0
2008,08,total_snow_depth,0
2009,08,total_snow_depth,0
2010,08,total_snow_depth,0
2011,08,total_snow_depth,0
2012,08,total_snow_depth,0
2013,08,total_snow_depth,0
2014,08,total_snow_depth,0
2015,08,total_snow_depth,0
2016,08,total_snow_depth,0
2017,08,total_snow_depth,0
2018,08,total_snow_depth,0
2019,08,total_snow_depth,0
2020,08,total_snow_depth,0
2021,08,total_snow_depth,0
2022,08,total_snow_depth,0
2023,08,total_snow_depth,0
2024,08,total_snow_depth,M
2000,08,total_snowfall,0
2001,08,total_snowfall,0
2002,08,total_snowfall,0
2003,08,total_snowfall,0
2004,08,total_snowfall,0
2005,08,total_snowfall,0
2006,08,total_snowfall,0
2007,08,total_snowfall,0
2008,08,total_snowfall,0
2009,08,total_snowfall,0
2010,08,total_snowfall,0
2011,08,total_snowfall,0
2012,08,total_snowfall,0
2013,08,total_snowfall,0
2014,08,total_snowfall,0
2015,08,total_snowfall,0
2016,08,total_snowfall,0
2017,08,total_snowfall,0
2018,08,total_snowfall,0
2019,08,total_snowfall,0
2020,08,total_snowfall,0
2021,08,total_snowfall,0
2022,08,total_snowfall,0
2023,08,total_snowfall,0
2024,08,total_snowfall,M
2000,09,average_percipitation,0.19
2001,09,average_percipitation,0.18
2002,09,average_percipitation,0.17
2003,09,average_percipitation,0.2
2004,09,average_percipitation,0.38
2005,09,average_percipitation,0.02
2006,09,average_percipitation,0.12
2007,09,average_percipitation,0.06
2008,09,average_percipitation,0.24
2009,09,average_percipitation,0.08
2010,09,average_percipitation,0.12
2011,09,average_percipitation,0.31
2012,09,average_percipitation,0.15
2013,09,average_percipitation,0.1
2014,09,average_percipitation,0.04
2015,09,average_percipitation,0.11
2016,09,average_percipitation,0.09
2017,09,average_percipitation,0.07
2018,09,average_percipitation,0.21
2019,09,average_percipitation,0.03
2020,09,average_percipitation,0.13
2021,09,average_percipitation,0.33
2022,09,average_percipitation,0.14
2023,09,average_percipitation,0.48
2024,09,average_percipitation,M
2000,09,avg_temp,66.0
2001,09,avg_temp,67.7
2002,09,avg_temp,70.2
2003,09,avg_temp,67.9
2004,09,avg_temp,69.3
2005,09,avg_temp,73.3
2006,09,avg_temp,66.6
2007,09,avg_temp,70.3
2008,09,avg_temp,68.8
2009,09,avg_temp,66.3
2010,09,avg_temp,71.1
2011,09,avg_temp,70.0
2012,09,avg_temp,68.8
2013,09,avg_temp,67.9
2014,09,avg_temp,69.7
2015,09,avg_temp,74.5
2016,09,avg_temp,71.8
2017,09,avg_temp,70.5
2018,09,avg_temp,70.7
2019,09,avg_temp,70.4
2020,09,avg_temp,68.8
2021,09,avg_temp,70.3
2022,09,avg_temp,69.5
2023,09,avg_temp,69.4
2000,09,max_precipitation,1.9
2001,09,max_precipitation,1.9
2002,09,max_precipitation,1.63
2003,09,max_precipitation,1.19
2004,09,max_precipitation,3.84
2005,09,max_precipitation,0.17
2006,09,max_precipitation,1.24
2007,09,max_precipitation,1.21
2008,09,max_precipitation,3.26
2009,09,max_precipitation,1.03
2010,09,max_precipitation,1.33
2011,09,max_precipitation,3.22
2012,09,max_precipitation,1.96
2013,09,max_precipitation,1.6
2014,09,max_precipitation,0.37
2015,09,max_precipitation,1.58
2016,09,max_precipitation,0.68
2017,09,max_precipitation,0.74
2018,09,max_precipitation,1.95
2019,09,max_precipitation,0.32
2020,09,max_precipitation,1.2
2021,09,max_precipitation,7.13
2022,09,max_precipitation,1.11
2023,09,max_precipitation,5.48
2024,09,max_precipitation,M
2000,09,max_snow_depth,0
2001,09,max_snow_depth,0
2002,09,max_snow_depth,0
2003,09,max_snow_depth,0
2004,09,max_snow_depth,0
2005,09,max_snow_depth,0
2006,09,max_snow_depth,0
2007,09,max_snow_depth,0
2008,09,max_snow_depth,0
2009,09,max_snow_depth,0
2010,09,max_snow_depth,0
2011,09,max_snow_depth,0
2012,09,max_snow_depth,0
2013,09,max_snow_depth,0
2014,09,max_snow_depth,0
2015,09,max_snow_depth,0
2016,09,max_snow_depth,0
2017,09,max_snow_depth,0
2018,09,max_snow_depth,0
2019,09,max_snow_depth,0
2020,09,max_snow_depth,0
2021,09,max_snow_depth,0
2022,09,max_snow_depth,0
2023,09,max_snow_depth,0
2024,09,max_snow_depth,M
2000,09,max_snowfall,0
2001,09,max_snowfall,0
2002,09,max_snowfall,0
2003,09,max_snowfall,0
2004,09,max_snowfall,0
2005,09,max_snowfall,0
2006,09,max_snowfall,0
2007,09,max_snowfall,0
2008,09,max_snowfall,0
2009,09,max_snowfall,0
2010,09,max_snowfall,0
2011,09,max_snowfall,0
2012,09,max_snowfall,0
2013,09,max_snowfall,0
2014,09,max_snowfall,0
2015,09,max_snowfall,0
2016,09,max_snowfall,0
2017,09,max_snowfall,0
2018,09,max_snowfall,0
2019,09,max_snowfall,0
2020,09,max_snowfall,0
2021,09,max_snowfall,0
2022,09,max_snowfall,0
2023,09,max_snowfall,0
2024,09,max_snowfall,M
2000,09,max_temp,84
2001,09,max_temp,86
2002,09,max_temp,91
2003,09,max_temp,80
2004,09,max_temp,87
2005,09,max_temp,92
2006,09,max_temp,83
2007,09,max_temp,88
2008,09,max_temp,90
2009,09,max_temp,84
2010,09,max_temp,96
2011,09,max_temp,86
2012,09,max_temp,91
2013,09,max_temp,96
2014,09,max_temp,92
2015,09,max_temp,97
2016,09,max_temp,91
2017,09,max_temp,91
2018,09,max_temp,93
2019,09,max_temp,89
2020,09,max_temp,85
2021,09,max_temp,85
2022,09,max_temp,90
2023,09,max_temp,93
2024,09,max_temp,M
2000,09,min_temp,43
2001,09,min_temp,50
2002,09,min_temp,54
2003,09,min_temp,50
2004,09,min_temp,52
2005,09,min_temp,50
2006,09,min_temp,49
2007,09,min_temp,50
2008,09,min_temp,51
2009,09,min_temp,49
2010,09,min_temp,54
2011,09,min_temp,51
2012,09,min_temp,53
2013,09,min_temp,47
2014,09,min_temp,52
2015,09,min_temp,56
2016,09,min_temp,54
2017,09,min_temp,54
2018,09,min_temp,54
2019,09,min_temp,52
2020,09,min_temp,48
2021,09,min_temp,54
2022,09,min_temp,49
2023,09,min_temp,50
2024,09,min_temp,M
2000,09,total_percipitation,5.82
2001,09,total_percipitation,5.3
2002,09,total_percipitation,5.16
2003,09,total_percipitation,6.03
2004,09,total_percipitation,11.51
2005,09,total_percipitation,0.48
2006,09,total_percipitation,3.69
2007,09,total_percipitation,1.81
2008,09,total_percipitation,7.05
2009,09,total_percipitation,2.26
2010,09,total_percipitation,3.67
2011,09,total_percipitation,9.39
2012,09,total_percipitation,4.39
2013,09,total_percipitation,2.95
2014,09,total_percipitation,1.21
2015,09,total_percipitation,3.28
2016,09,total_percipitation,2.79
2017,09,total_percipitation,2
2018,09,total_percipitation,6.19
2019,09,total_percipitation,0.95
2020,09,total_percipitation,3.94
2021,09,total_percipitation,10.03
2022,09,total_percipitation,4.1
2023,09,total_percipitation,14.25
2024,09,total_percipitation,M
2000,09,total_snow_depth,0
2001,09,total_snow_depth,0
2002,09,total_snow_depth,0
2003,09,total_snow_depth,0
2004,09,total_snow_depth,0
2005,09,total_snow_depth,0
2006,09,total_snow_depth,0
2007,09,total_snow_depth,0
2008,09,total_snow_depth,0
2009,09,total_snow_depth,0
2010,09,total_snow_depth,0
2011,09,total_snow_depth,0
2012,09,total_snow_depth,0
2013,09,total_snow_depth,0
2014,09,total_snow_depth,0
2015,09,total_snow_depth,0
2016,09,total_snow_depth,0
2017,09,total_snow_depth,0
2018,09,total_snow_depth,0
2019,09,total_snow_depth,0
2020,09,total_snow_depth,0
2021,09,total_snow_depth,0
2022,09,total_snow_depth,0
2023,09,total_snow_depth,0
2024,09,total_snow_depth,M
2000,09,total_snowfall,0
2001,09,total_snowfall,0
2002,09,total_snowfall,0
2003,09,total_snowfall,0
2004,09,total_snowfall,0
2005,09,total_snowfall,0
2006,09,total_snowfall,0
2007,09,total_snowfall,0
2008,09,total_snowfall,0
2009,09,total_snowfall,0
2010,09,total_snowfall,0
2011,09,total_snowfall,0
2012,09,total_snowfall,0
2013,09,total_snowfall,0
2014,09,total_snowfall,0
2015,09,total_snowfall,0
2016,09,total_snowfall,0
2017,09,total_snowfall,0
2018,09,total_snowfall,0
2019,09,total_snowfall,0
2020,09,total_snowfall,0
2021,09,total_snowfall,0
2022,09,total_snowfall,0
2023,09,total_snowfall,0
2024,09,total_snowfall,M
2000,10,average_percipitation,0.02
2001,10,average_percipitation,0.02
2002,10,average_percipitation,0.23
2003,10,average_percipitation,0.16
2004,10,average_percipitation,0.04
2005,10,average_percipitation,0.54
2006,10,average_percipitation,0.23
2007,10,average_percipitation,0.15
2008,10,average_percipitation,0.12
2009,10,average_percipitation,0.18
2010,10,average_percipitation,0.16
2011,10,average_percipitation,0.2
2012,10,average_percipitation,0.09
2013,10,average_percipitation,0.01
2014,10,average_percipitation,0.19
2015,10,average_percipitation,0.13
2016,10,average_percipitation,0.13
2017,10,average_percipitation,0.13
2018,10,average_percipitation,0.12
2019,10,average_percipitation,0.2
2020,10,average_percipitation,0.16
2021,10,average_percipitation,0.17
2022,10,average_percipitation,0.16
2023,10,average_percipitation,0.13
2024,10,average_percipitation,M
2000,10,avg_temp,57.0
2001,10,avg_temp,58.5
2002,10,avg_temp,55.2
2003,10,avg_temp,55.1
2004,10,avg_temp,56.0
2005,10,avg_temp,57.9
2006,10,avg_temp,56.2
2007,10,avg_temp,63.6
2008,10,avg_temp,55.1
2009,10,avg_temp,55.0
2010,10,avg_temp,58.1
2011,10,avg_temp,57.1
2012,10,avg_temp,58.0
2013,10,avg_temp,60.2
2014,10,avg_temp,59.6
2015,10,avg_temp,58.0
2016,10,avg_temp,58.8
2017,10,avg_temp,64.1
2018,10,avg_temp,57.7
2019,10,avg_temp,59.9
2020,10,avg_temp,57.9
2021,10,avg_temp,62.0
2022,10,avg_temp,56.9
2023,10,avg_temp,60.5
2000,10,max_precipitation,0.45
2001,10,max_precipitation,0.28
2002,10,max_precipitation,3.06
2003,10,max_precipitation,1.88
2004,10,max_precipitation,0.7
2005,10,max_precipitation,4.26
2006,10,max_precipitation,2.22
2007,10,max_precipitation,1.48
2008,10,max_precipitation,1.92
2009,10,max_precipitation,1.81
2010,10,max_precipitation,2.46
2011,10,max_precipitation,2
2012,10,max_precipitation,0.89
2013,10,max_precipitation,0.25
2014,10,max_precipitation,1.51
2015,10,max_precipitation,1.4
2016,10,max_precipitation,1.41
2017,10,max_precipitation,3.03
2018,10,max_precipitation,1.27
2019,10,max_precipitation,1.83
2020,10,max_precipitation,1.53
2021,10,max_precipitation,3.3
2022,10,max_precipitation,1.85
2023,10,max_precipitation,0.84
2024,10,max_precipitation,M
2000,10,max_snow_depth,0
2001,10,max_snow_depth,0
2002,10,max_snow_depth,0
2003,10,max_snow_depth,0
2004,10,max_snow_depth,0
2005,10,max_snow_depth,0
2006,10,max_snow_depth,0
2007,10,max_snow_depth,0
2008,10,max_snow_depth,0
2009,10,max_snow_depth,0
2010,10,max_snow_depth,0
2011,10,max_snow_depth,0
2012,10,max_snow_depth,0
2013,10,max_snow_depth,0
2014,10,max_snow_depth,0
2015,10,max_snow_depth,0
2016,10,max_snow_depth,0
2017,10,max_snow_depth,0
2018,10,max_snow_depth,0
2019,10,max_snow_depth,0
2020,10,max_snow_depth,0
2021,10,max_snow_depth,0
2022,10,max_snow_depth,0
2023,10,max_snow_depth,0
2024,10,max_snow_depth,M
2000,10,max_snowfall,T
2001,10,max_snowfall,0
2002,10,max_snowfall,T
2003,10,max_snowfall,0
2004,10,max_snowfall,0
2005,10,max_snowfall,0
2006,10,max_snowfall,0
2007,10,max_snowfall,0
2008,10,max_snowfall,0
2009,10,max_snowfall,0
2010,10,max_snowfall,0
2011,10,max_snowfall,2.9
2012,10,max_snowfall,0
2013,10,max_snowfall,0
2014,10,max_snowfall,0
2015,10,max_snowfall,0
2016,10,max_snowfall,0
2017,10,max_snowfall,0
2018,10,max_snowfall,0
2019,10,max_snowfall,0
2020,10,max_snowfall,0
2021,10,max_snowfall,0
2022,10,max_snowfall,0
2023,10,max_snowfall,0
2024,10,max_snowfall,M
2000,10,max_temp,79
2001,10,max_temp,81
2002,10,max_temp,84
2003,10,max_temp,77
2004,10,max_temp,75
2005,10,max_temp,80
2006,10,max_temp,79
2007,10,max_temp,87
2008,10,max_temp,75
2009,10,max_temp,74
2010,10,max_temp,75
2011,10,max_temp,84
2012,10,max_temp,78
2013,10,max_temp,86
2014,10,max_temp,77
2015,10,max_temp,78
2016,10,max_temp,85
2017,10,max_temp,83
2018,10,max_temp,80
2019,10,max_temp,93
2020,10,max_temp,74
2021,10,max_temp,79
2022,10,max_temp,76
2023,10,max_temp,83
2024,10,max_temp,M
2000,10,min_temp,36
2001,10,min_temp,37
2002,10,min_temp,36
2003,10,min_temp,36
2004,10,min_temp,44
2005,10,min_temp,39
2006,10,min_temp,37
2007,10,min_temp,38
2008,10,min_temp,36
2009,10,min_temp,37
2010,10,min_temp,42
2011,10,min_temp,33
2012,10,min_temp,38
2013,10,min_temp,40
2014,10,min_temp,42
2015,10,min_temp,35
2016,10,min_temp,38
2017,10,min_temp,42
2018,10,min_temp,38
2019,10,min_temp,43
2020,10,min_temp,32
2021,10,min_temp,47
2022,10,min_temp,42
2023,10,min_temp,45
2024,10,min_temp,M
2000,10,total_percipitation,0.67
2001,10,total_percipitation,0.66
2002,10,total_percipitation,7.2
2003,10,total_percipitation,4.9
2004,10,total_percipitation,1.15
2005,10,total_percipitation,16.73
2006,10,total_percipitation,7.07
2007,10,total_percipitation,4.65
2008,10,total_percipitation,3.62
2009,10,total_percipitation,5.58
2010,10,total_percipitation,4.91
2011,10,total_percipitation,6.09
2012,10,total_percipitation,2.92
2013,10,total_percipitation,0.36
2014,10,total_percipitation,5.77
2015,10,total_percipitation,3.91
2016,10,total_percipitation,4.15
2017,10,total_percipitation,4.18
2018,10,total_percipitation,3.59
2019,10,total_percipitation,6.15
2020,10,total_percipitation,5.05
2021,10,total_percipitation,5.26
2022,10,total_percipitation,5.08
2023,10,total_percipitation,3.9
2024,10,total_percipitation,M
2000,10,total_snow_depth,0
2001,10,total_snow_depth,0
2002,10,total_snow_depth,0
2003,10,total_snow_depth,0
2004,10,total_snow_depth,0
2005,10,total_snow_depth,0
2006,10,total_snow_depth,0
2007,10,total_snow_depth,0
2008,10,total_snow_depth,0
2009,10,total_snow_depth,0
2010,10,total_snow_depth,0
2011,10,total_snow_depth,0
2012,10,total_snow_depth,0
2013,10,total_snow_depth,0
2014,10,total_snow_depth,0
2015,10,total_snow_depth,0
2016,10,total_snow_depth,0
2017,10,total_snow_depth,0
2018,10,total_snow_depth,0
2019,10,total_snow_depth,0
2020,10,total_snow_depth,0
2021,10,total_snow_depth,0
2022,10,total_snow_depth,0
2023,10,total_snow_depth,0
2024,10,total_snow_depth,M
2000,10,total_snowfall,T
2001,10,total_snowfall,0
2002,10,total_snowfall,T
2003,10,total_snowfall,0
2004,10,total_snowfall,0
2005,10,total_snowfall,0
2006,10,total_snowfall,0
2007,10,total_snowfall,0
2008,10,total_snowfall,0
2009,10,total_snowfall,0
2010,10,total_snowfall,0
2011,10,total_snowfall,2.9
2012,10,total_snowfall,0
2013,10,total_snowfall,0
2014,10,total_snowfall,0
2015,10,total_snowfall,0
2016,10,total_snowfall,0
2017,10,total_snowfall,0
2018,10,total_snowfall,0
2019,10,total_snowfall,0
2020,10,total_snowfall,0
2021,10,total_snowfall,0
2022,10,total_snowfall,0
2023,10,total_snowfall,0
2024,10,total_snowfall,M
2000,11,average_percipitation,0.12
2001,11,average_percipitation,0.05
2002,11,average_percipitation,0.17
2003,11,average_percipitation,0.14
2004,11,average_percipitation,0.14
2005,11,average_percipitation,0.15
2006,11,average_percipitation,0.24
2007,11,average_percipitation,0.12
2008,11,average_percipitation,0.12
2009,11,average_percipitation,0.05
2010,11,average_percipitation,0.07
2011,11,average_percipitation,0.1
2012,11,average_percipitation,0.06
2013,11,average_percipitation,0.11
2014,11,average_percipitation,0.15
2015,11,average_percipitation,0.07
2016,11,average_percipitation,0.18
2017,11,average_percipitation,0.05
2018,11,average_percipitation,0.25
2019,11,average_percipitation,0.07
2020,11,average_percipitation,0.13
2021,11,average_percipitation,0.04
2022,11,average_percipitation,0.11
2023,11,average_percipitation,0.1
2024,11,average_percipitation,M
2000,11,avg_temp,45.3
2001,11,avg_temp,52.7
2002,11,avg_temp,46.0
2003,11,avg_temp,50.0
2004,11,avg_temp,48.2
2005,11,avg_temp,49.6
2006,11,avg_temp,51.9
2007,11,avg_temp,45.4
2008,11,avg_temp,45.9
2009,11,avg_temp,51.1
2010,11,avg_temp,47.9
2011,11,avg_temp,51.9
2012,11,avg_temp,43.9
2013,11,avg_temp,45.3
2014,11,avg_temp,45.3
2015,11,avg_temp,52.8
2016,11,avg_temp,49.8
2017,11,avg_temp,46.6
2018,11,avg_temp,44.4
2019,11,avg_temp,43.9
2020,11,avg_temp,53.0
2021,11,avg_temp,46.2
2022,11,avg_temp,50.9
2023,11,avg_temp,46.7
2000,11,max_precipitation,1.48
2001,11,max_precipitation,0.81
2002,11,max_precipitation,1.42
2003,11,max_precipitation,1.8
2004,11,max_precipitation,1.01
2005,11,max_precipitation,1.01
2006,11,max_precipitation,3.6
2007,11,max_precipitation,1.25
2008,11,max_precipitation,0.74
2009,11,max_precipitation,0.5
2010,11,max_precipitation,1.09
2011,11,max_precipitation,1.16
2012,11,max_precipitation,1.12
2013,11,max_precipitation,1.98
2014,11,max_precipitation,1.54
2015,11,max_precipitation,1.25
2016,11,max_precipitation,2.2
2017,11,max_precipitation,0.7
2018,11,max_precipitation,1.16
2019,11,max_precipitation,0.9
2020,11,max_precipitation,0.98
2021,11,max_precipitation,0.48
2022,11,max_precipitation,0.89
2023,11,max_precipitation,1.93
2024,11,max_precipitation,M
2000,11,max_snow_depth,0
2001,11,max_snow_depth,0
2002,11,max_snow_depth,T
2003,11,max_snow_depth,0
2004,11,max_snow_depth,0
2005,11,max_snow_depth,0
2006,11,max_snow_depth,0
2007,11,max_snow_depth,0
2008,11,max_snow_depth,0
2009,11,max_snow_depth,0
2010,11,max_snow_depth,0
2011,11,max_snow_depth,0
2012,11,max_snow_depth,4
2013,11,max_snow_depth,0
2014,11,max_snow_depth,0
2015,11,max_snow_depth,0
2016,11,max_snow_depth,0
2017,11,max_snow_depth,0
2018,11,max_snow_depth,4
2019,11,max_snow_depth,0
2020,11,max_snow_depth,0
2021,11,max_snow_depth,0
2022,11,max_snow_depth,0
2023,11,max_snow_depth,0
2024,11,max_snow_depth,M
2000,11,max_snowfall,0
2001,11,max_snowfall,0
2002,11,max_snowfall,T
2003,11,max_snowfall,0
2004,11,max_snowfall,T
2005,11,max_snowfall,T
2006,11,max_snowfall,0
2007,11,max_snowfall,T
2008,11,max_snowfall,T
2009,11,max_snowfall,0
2010,11,max_snowfall,T
2011,11,max_snowfall,0
2012,11,max_snowfall,4.3
2013,11,max_snowfall,T
2014,11,max_snowfall,0.2
2015,11,max_snowfall,0
2016,11,max_snowfall,T
2017,11,max_snowfall,T
2018,11,max_snowfall,6.4
2019,11,max_snowfall,0
2020,11,max_snowfall,0
2021,11,max_snowfall,T
2022,11,max_snowfall,0
2023,11,max_snowfall,T
2024,11,max_snowfall,M
2000,11,max_temp,67
2001,11,max_temp,75
2002,11,max_temp,68
2003,11,max_temp,79
2004,11,max_temp,68
2005,11,max_temp,72
2006,11,max_temp,69
2007,11,max_temp,66
2008,11,max_temp,67
2009,11,max_temp,69
2010,11,max_temp,65
2011,11,max_temp,70
2012,11,max_temp,66
2013,11,max_temp,70
2014,11,max_temp,69
2015,11,max_temp,74
2016,11,max_temp,72
2017,11,max_temp,74
2018,11,max_temp,72
2019,11,max_temp,71
2020,11,max_temp,75
2021,11,max_temp,69
2022,11,max_temp,77
2023,11,max_temp,67
2024,11,max_temp,M
2000,11,min_temp,23
2001,11,min_temp,34
2002,11,min_temp,24
2003,11,min_temp,29
2004,11,min_temp,29
2005,11,min_temp,22
2006,11,min_temp,35
2007,11,min_temp,26
2008,11,min_temp,23
2009,11,min_temp,35
2010,11,min_temp,34
2011,11,min_temp,36
2012,11,min_temp,31
2013,11,min_temp,23
2014,11,min_temp,22
2015,11,min_temp,32
2016,11,min_temp,34
2017,11,min_temp,24
2018,11,min_temp,15
2019,11,min_temp,23
2020,11,min_temp,30
2021,11,min_temp,30
2022,11,min_temp,27
2023,11,min_temp,27
2024,11,min_temp,M
2000,11,total_percipitation,3.54
2001,11,total_percipitation,1.36
2002,11,total_percipitation,5.06
2003,11,total_percipitation,4.18
2004,11,total_percipitation,4.21
2005,11,total_percipitation,4.47
2006,11,total_percipitation,7.34
2007,11,total_percipitation,3.47
2008,11,total_percipitation,3.54
2009,11,total_percipitation,1.61
2010,11,total_percipitation,2.15
2011,11,total_percipitation,3.05
2012,11,total_percipitation,1.81
2013,11,total_percipitation,3.15
2014,11,total_percipitation,4.51
2015,11,total_percipitation,2.01
2016,11,total_percipitation,5.41
2017,11,total_percipitation,1.58
2018,11,total_percipitation,7.62
2019,11,total_percipitation,1.95
2020,11,total_percipitation,3.99
2021,11,total_percipitation,1.12
2022,11,total_percipitation,3.15
2023,11,total_percipitation,2.95
2024,11,total_percipitation,M
2000,11,total_snow_depth,0
2001,11,total_snow_depth,0
2002,11,total_snow_depth,0
2003,11,total_snow_depth,0
2004,11,total_snow_depth,0
2005,11,total_snow_depth,0
2006,11,total_snow_depth,0
2007,11,total_snow_depth,0
2008,11,total_snow_depth,0
2009,11,total_snow_depth,0
2010,11,total_snow_depth,0
2011,11,total_snow_depth,0
2012,11,total_snow_depth,4
2013,11,total_snow_depth,0
2014,11,total_snow_depth,0
2015,11,total_snow_depth,0
2016,11,total_snow_depth,0
2017,11,total_snow_depth,0
2018,11,total_snow_depth,6
2019,11,total_snow_depth,0
2020,11,total_snow_depth,0
2021,11,total_snow_depth,0
2022,11,total_snow_depth,0
2023,11,total_snow_depth,0
2024,11,total_snow_depth,M
2000,11,total_snowfall,0
2001,11,total_snowfall,0
2002,11,total_snowfall,T
2003,11,total_snowfall,0
2004,11,total_snowfall,T
2005,11,total_snowfall,T
2006,11,total_snowfall,0
2007,11,total_snowfall,T
2008,11,total_snowfall,T
2009,11,total_snowfall,0
2010,11,total_snowfall,T
2011,11,total_snowfall,0
2012,11,total_snowfall,4.7
2013,11,total_snowfall,T
2014,11,total_snowfall,0.2
2015,11,total_snowfall,0
2016,11,total_snowfall,T
2017,11,total_snowfall,T
2018,11,total_snowfall,6.4
2019,11,total_snowfall,0
2020,11,total_snowfall,0
2021,11,total_snowfall,T
2022,11,total_snowfall,0
2023,11,total_snowfall,T
2024,11,total_snowfall,M
2000,12,average_percipitation,0.1
2001,12,average_percipitation,0.07
2002,12,average_percipitation,0.13
2003,12,average_percipitation,0.17
2004,12,average_percipitation,0.12
2005,12,average_percipitation,0.15
2006,12,average_percipitation,0.07
2007,12,average_percipitation,0.17
2008,12,average_percipitation,0.21
2009,12,average_percipitation,0.23
2010,12,average_percipitation,0.14
2011,12,average_percipitation,0.13
2012,12,average_percipitation,0.15
2013,12,average_percipitation,0.16
2014,12,average_percipitation,0.19
2015,12,average_percipitation,0.15
2016,12,average_percipitation,0.09
2017,12,average_percipitation,0.07
2018,12,average_percipitation,0.21
2019,12,average_percipitation,0.23
2020,12,average_percipitation,0.15
2021,12,average_percipitation,0.04
2022,12,average_percipitation,0.19
2023,12,average_percipitation,0.22
2024,12,average_percipitation,M
2000,12,avg_temp,31.1
2001,12,avg_temp,44.1
2002,12,avg_temp,36.0
2003,12,avg_temp,37.6
2004,12,avg_temp,38.4
2005,12,avg_temp,35.3
2006,12,avg_temp,43.6
2007,12,avg_temp,37.0
2008,12,avg_temp,38.1
2009,12,avg_temp,35.9
2010,12,avg_temp,32.8
2011,12,avg_temp,43.3
2012,12,avg_temp,41.5
2013,12,avg_temp,38.5
2014,12,avg_temp,40.5
2015,12,avg_temp,50.8
2016,12,avg_temp,38.3
2017,12,avg_temp,35.0
2018,12,avg_temp,40.1
2019,12,avg_temp,38.3
2020,12,avg_temp,39.2
2021,12,avg_temp,43.8
2022,12,avg_temp,38.5
2023,12,avg_temp,44.6
2000,12,max_precipitation,0.94
2001,12,max_precipitation,0.65
2002,12,max_precipitation,1.3
2003,12,max_precipitation,1.59
2004,12,max_precipitation,1.17
2005,12,max_precipitation,1.58
2006,12,max_precipitation,0.78
2007,12,max_precipitation,1.02
2008,12,max_precipitation,2.35
2009,12,max_precipitation,1.48
2010,12,max_precipitation,1.38
2011,12,max_precipitation,1.68
2012,12,max_precipitation,0.99
2013,12,max_precipitation,1.2
2014,12,max_precipitation,2.54
2015,12,max_precipitation,1.55
2016,12,max_precipitation,0.73
2017,12,max_precipitation,0.75
2018,12,max_precipitation,1.61
2019,12,max_precipitation,1.57
2020,12,max_precipitation,1.02
2021,12,max_precipitation,0.42
2022,12,max_precipitation,1.83
2023,12,max_precipitation,2.21
2024,12,max_precipitation,M
2000,12,max_snow_depth,10
2001,12,max_snow_depth,0
2002,12,max_snow_depth,6
2003,12,max_snow_depth,11
2004,12,max_snow_depth,2
2005,12,max_snow_depth,6
2006,12,max_snow_depth,0
2007,12,max_snow_depth,1
2008,12,max_snow_depth,3
2009,12,max_snow_depth,10
2010,12,max_snow_depth,20
2011,12,max_snow_depth,0
2012,12,max_snow_depth,0
2013,12,max_snow_depth,4
2014,12,max_snow_depth,1
2015,12,max_snow_depth,0
2016,12,max_snow_depth,2
2017,12,max_snow_depth,4
2018,12,max_snow_depth,0
2019,12,max_snow_depth,1
2020,12,max_snow_depth,9
2021,12,max_snow_depth,T
2022,12,max_snow_depth,0
2023,12,max_snow_depth,0
2024,12,max_snow_depth,M
2000,12,max_snowfall,12
2001,12,max_snowfall,T
2002,12,max_snowfall,6
2003,12,max_snowfall,8
2004,12,max_snowfall,1.8
2005,12,max_snowfall,5.8
2006,12,max_snowfall,0
2007,12,max_snowfall,1.4
2008,12,max_snowfall,4
2009,12,max_snowfall,9.1
2010,12,max_snowfall,12.2
2011,12,max_snowfall,0
2012,12,max_snowfall,0.4
2013,12,max_snowfall,5
2014,12,max_snowfall,1
2015,12,max_snowfall,T
2016,12,max_snowfall,2.8
2017,12,max_snowfall,4.6
2018,12,max_snowfall,T
2019,12,max_snowfall,1.3
2020,12,max_snowfall,6.5
2021,12,max_snowfall,0.2
2022,12,max_snowfall,T
2023,12,max_snowfall,T
2024,12,max_snowfall,M
2000,12,max_temp,62
2001,12,max_temp,71
2002,12,max_temp,60
2003,12,max_temp,58
2004,12,max_temp,59
2005,12,max_temp,55
2006,12,max_temp,70
2007,12,max_temp,61
2008,12,max_temp,67
2009,12,max_temp,66
2010,12,max_temp,60
2011,12,max_temp,62
2012,12,max_temp,62
2013,12,max_temp,71
2014,12,max_temp,65
2015,12,max_temp,72
2016,12,max_temp,60
2017,12,max_temp,61
2018,12,max_temp,61
2019,12,max_temp,58
2020,12,max_temp,62
2021,12,max_temp,66
2022,12,max_temp,62
2023,12,max_temp,62
2024,12,max_temp,M
2000,12,min_temp,14
2001,12,min_temp,20
2002,12,min_temp,19
2003,12,min_temp,21
2004,12,min_temp,11
2005,12,min_temp,14
2006,12,min_temp,18
2007,12,min_temp,20
2008,12,min_temp,13
2009,12,min_temp,16
2010,12,min_temp,19
2011,12,min_temp,22
2012,12,min_temp,28
2013,12,min_temp,19
2014,12,min_temp,24
2015,12,min_temp,34
2016,12,min_temp,17
2017,12,min_temp,9
2018,12,min_temp,24
2019,12,min_temp,16
2020,12,min_temp,20
2021,12,min_temp,25
2022,12,min_temp,7
2023,12,min_temp,25
2024,12,min_temp,M
2000,12,total_percipitation,3.19
2001,12,total_percipitation,2.24
2002,12,total_percipitation,4.06
2003,12,total_percipitation,5.42
2004,12,total_percipitation,3.71
2005,12,total_percipitation,4.6
2006,12,total_percipitation,2.15
2007,12,total_percipitation,5.22
2008,12,total_percipitation,6.62
2009,12,total_percipitation,7.27
2010,12,total_percipitation,4.24
2011,12,total_percipitation,4
2012,12,total_percipitation,4.8
2013,12,total_percipitation,4.85
2014,12,total_percipitation,6.04
2015,12,total_percipitation,4.72
2016,12,total_percipitation,2.89
2017,12,total_percipitation,2.21
2018,12,total_percipitation,6.51
2019,12,total_percipitation,7.09
2020,12,total_percipitation,4.61
2021,12,total_percipitation,1.39
2022,12,total_percipitation,5.83
2023,12,total_percipitation,6.71
2024,12,total_percipitation,M
2000,12,total_snow_depth,15
2001,12,total_snow_depth,0
2002,12,total_snow_depth,15
2003,12,total_snow_depth,42
2004,12,total_snow_depth,4
2005,12,total_snow_depth,28
2006,12,total_snow_depth,0
2007,12,total_snow_depth,1
2008,12,total_snow_depth,12
2009,12,total_snow_depth,35
2010,12,total_snow_depth,81
2011,12,total_snow_depth,0
2012,12,total_snow_depth,0
2013,12,total_snow_depth,21
2014,12,total_snow_depth,1
2015,12,total_snow_depth,0
2016,12,total_snow_depth,3
2017,12,total_snow_depth,12
2018,12,total_snow_depth,0
2019,12,total_snow_depth,1
2020,12,total_snow_depth,41
2021,12,total_snow_depth,0
2022,12,total_snow_depth,0
2023,12,total_snow_depth,0
2024,12,total_snow_depth,M
2000,12,total_snowfall,13.4
2001,12,total_snowfall,T
2002,12,total_snowfall,11
2003,12,total_snowfall,19.8
2004,12,total_snowfall,3
2005,12,total_snowfall,9.7
2006,12,total_snowfall,0
2007,12,total_snowfall,2.9
2008,12,total_snowfall,6
2009,12,total_snowfall,12.4
2010,12,total_snowfall,20.1
2011,12,total_snowfall,0
2012,12,total_snowfall,0.4
2013,12,total_snowfall,8.6
2014,12,total_snowfall,1
2015,12,total_snowfall,T
2016,12,total_snowfall,3.2
2017,12,total_snowfall,7.7
2018,12,total_snowfall,T
2019,12,total_snowfall,2.5
2020,12,total_snowfall,10.5
2021,12,total_snowfall,0.2
2022,12,total_snowfall,T
2023,12,total_snowfall,T
2024,12,total_snowfall,M
